n_windows,n_pos,pos_rate,roc_auc,pr_auc,n_calib,win_seconds,resolvable@fa1,recall@fa1,precision@fa1,fpr@fa1,thr@fa1,fa_per_hour@fa1,recall[dos]@fa1,recall[fuzzing]@fa1,recall[spoofing]@fa1,recall[timing]@fa1,event_recall@fa1,event_recall[timing]@fa1,event_recall[fuzzing]@fa1,event_recall[spoofing]@fa1,event_recall[dos]@fa1,resolvable@fa10,recall@fa10,precision@fa10,fpr@fa10,thr@fa10,fa_per_hour@fa10,recall[dos]@fa10,recall[fuzzing]@fa10,recall[spoofing]@fa10,recall[timing]@fa10,event_recall@fa10,event_recall[timing]@fa10,event_recall[fuzzing]@fa10,event_recall[spoofing]@fa10,event_recall[dos]@fa10,resolvable@fa100,recall@fa100,precision@fa100,fpr@fa100,thr@fa100,fa_per_hour@fa100,recall[dos]@fa100,recall[fuzzing]@fa100,recall[spoofing]@fa100,recall[timing]@fa100,event_recall@fa100,event_recall[timing]@fa100,event_recall[fuzzing]@fa100,event_recall[spoofing]@fa100,event_recall[dos]@fa100,resolvable@fpr0.001,recall@fpr0.001,precision@fpr0.001,fpr@fpr0.001,thr@fpr0.001,fa_per_hour@fpr0.001,recall[dos]@fpr0.001,recall[fuzzing]@fpr0.001,recall[spoofing]@fpr0.001,recall[timing]@fpr0.001,event_recall@fpr0.001,event_recall[timing]@fpr0.001,event_recall[fuzzing]@fpr0.001,event_recall[spoofing]@fpr0.001,event_recall[dos]@fpr0.001,resolvable@fpr0.01,recall@fpr0.01,precision@fpr0.01,fpr@fpr0.01,thr@fpr0.01,fa_per_hour@fpr0.01,recall[dos]@fpr0.01,recall[fuzzing]@fpr0.01,recall[spoofing]@fpr0.01,recall[timing]@fpr0.01,event_recall@fpr0.01,event_recall[timing]@fpr0.01,event_recall[fuzzing]@fpr0.01,event_recall[spoofing]@fpr0.01,event_recall[dos]@fpr0.01,protocol,fold,test_domain,feature_set,model,scope,fit_s,score_s,n_train,n_train_pos,dim
61532,11869,0.19289150360787882,0.8521813397732514,0.8115133856745266,49680,0.031993395843505856,False,0.6581851883056702,0.998849252013809,0.000181221432454745,6.187324868311472,20.391619571371887,1.0,0.30699608610567514,0.8925925925925926,0.8263586166811974,0.96875,0.9375,1.0,1.0,1.0,True,0.6645041705282669,0.9987336963403824,0.00020135714717193888,5.790465660789949,22.657355079302093,1.0,0.32142857142857145,0.9111111111111111,0.8279569892473119,0.96875,0.9375,1.0,1.0,1.0,True,0.6823658269441402,0.9945965860248066,0.000885971447556531,4.679605784297919,99.69236234892922,1.0,0.3610567514677104,0.9592592592592593,0.8333333333333334,0.96875,0.9375,1.0,1.0,1.0,True,0.6827870924256466,0.9937461679950951,0.0010269214505768882,4.649210284469975,115.55251090444068,1.0,0.362279843444227,0.9592592592592593,0.8333333333333334,0.96875,0.9375,1.0,1.0,1.0,True,0.7023338107675458,0.937577325385221,0.011175321668042608,2.886056908870597,1257.4832069012662,1.0,0.40826810176125244,0.9851851851851852,0.8387096774193549,0.96875,0.9375,1.0,1.0,1.0,in_domain,0,CTT_Traverse,FS-B,Rule:Periodicity,fleet,0.0,0.0,111250,11887,40
61532,11869,0.19289150360787882,0.7343921139101862,0.5712512368563212,49680,0.031993395843505856,False,0.4687842278203724,1.0,0.0,5e-324,0.0,0.0,0.9990215264187867,0.0,0.21505376344086022,0.25,0.25,1.0,0.0,0.0,True,0.4687842278203724,1.0,0.0,5e-324,0.0,0.0,0.9990215264187867,0.0,0.21505376344086022,0.25,0.25,1.0,0.0,0.0,True,0.4687842278203724,1.0,0.0,5e-324,0.0,0.0,0.9990215264187867,0.0,0.21505376344086022,0.25,0.25,1.0,0.0,0.0,True,0.4687842278203724,1.0,0.0,5e-324,0.0,0.0,0.9990215264187867,0.0,0.21505376344086022,0.25,0.25,1.0,0.0,0.0,True,0.4687842278203724,1.0,0.0,5e-324,0.0,0.0,0.9990215264187867,0.0,0.21505376344086022,0.25,0.25,1.0,0.0,0.0,in_domain,0,CTT_Traverse,FS-B,Rule:UnseenID,fleet,0.0,0.0,111250,11887,40
61532,11869,0.19289150360787882,0.8223229588913818,0.7195715239974885,49680,0.031993395843505856,False,0.2622798887859129,0.9996788696210661,2.013571471719389e-05,4.112684076603414,2.2657355079302093,0.8537360890302067,0.4334637964774951,0.0,0.11682650392327812,0.3125,0.375,0.5,0.0,1.0,True,0.2952228494397169,0.9994295493439818,4.027142943438778e-05,3.958634666209881,4.531471015860419,0.8775834658187599,0.4892367906066536,0.003703703703703704,0.13818657367044465,0.375,0.4375,0.5,0.1,1.0,True,0.390260342067571,0.9914383561643836,0.0008054285886877555,3.289910921015245,90.62942031720837,0.9697933227344993,0.6215753424657534,0.04814814814814815,0.21331008427782622,0.5,0.625,0.75,0.1,1.0,True,0.39379897211222514,0.9910941475826972,0.0008457000181221432,3.2738948748768095,95.1608913330688,0.9745627980922098,0.6240215264187867,0.05185185185185185,0.2173786689915722,0.5,0.625,0.75,0.1,1.0,True,0.502485466340888,0.9217928902627511,0.010188671646900106,2.215575425473245,1146.4621670126858,0.9952305246422893,0.7314090019569471,0.15925925925925927,0.3349317058994478,0.71875,0.875,1.0,0.3,1.0,in_domain,0,CTT_Traverse,FS-B,Rule:BusLoad,fleet,0.0,0.0,111250,11887,40
61532,11869,0.19289150360787882,0.3975825702864741,0.2773197871031552,49680,0.031993395843505856,False,0.07262616901171118,0.9795454545454545,0.00036244286490949,2.2069372559702174,40.783239142743774,0.9984101748807631,0.0,0.0,0.03400174367916303,0.1875,0.25,0.0,0.0,1.0,True,0.07262616901171118,0.9795454545454545,0.00036244286490949,2.206937255970217,40.783239142743774,0.9984101748807631,0.0,0.0,0.03400174367916303,0.1875,0.25,0.0,0.0,1.0,True,0.08610666441991743,0.9578256794751641,0.0009061071622737249,1.9507854353945338,101.95809785685942,1.0,0.0,0.0,0.05710549258936356,0.21875,0.3125,0.0,0.0,1.0,True,0.08610666441991743,0.9578256794751641,0.0009061071622737249,1.9507854353945338,101.95809785685942,1.0,0.0,0.0,0.05710549258936356,0.21875,0.3125,0.0,0.0,1.0,True,0.11449995787345185,0.7322198275862069,0.010007450214445362,1.5788613456823755,1126.0705474413141,1.0,0.0002446183953033268,0.07777777777777778,0.1028770706190061,0.40625,0.4375,0.25,0.3,1.0,in_domain,0,CTT_Traverse,FS-B,Rule:IDEntropy,fleet,0.0,0.0,111250,11887,40
61532,11869,0.19289150360787882,0.7114536023688531,0.5786084002311589,49680,0.031993395843505856,False,0.32740753222680935,0.9979455572675912,0.0001610857177375511,0.9807692307692308,18.125884063441674,0.0,0.7240704500978473,0.0,0.13455390874745712,0.25,0.3125,0.75,0.0,0.0,True,0.3285028224787261,0.9964221824686941,0.0002819000060407144,0.9615384615384616,31.72029711102293,0.0,0.7255381604696673,0.0,0.13557105492589364,0.25,0.3125,0.75,0.0,0.0,True,0.33406352683461116,0.9877927254608869,0.0009866500211425005,0.8653846153846154,111.02103988858026,0.0,0.7336105675146771,0.0,0.14036617262423715,0.34375,0.5,0.75,0.0,0.0,True,0.33406352683461116,0.9877927254608869,0.0009866500211425005,0.8653846153846154,111.02103988858026,0.0,0.7336105675146771,0.0,0.14036617262423715,0.34375,0.5,0.75,0.0,0.0,True,0.35790715308787596,0.8907527783602432,0.010490707367658015,0.6730769230769231,1180.4481996316392,0.0,0.7566046966731899,0.0,0.16782911944202267,0.40625,0.5625,1.0,0.0,0.0,in_domain,0,CTT_Traverse,FS-B,Rule:Hamming,fleet,0.0,0.0,111250,11887,40
61532,11869,0.19289150360787882,0.4824803317930125,0.18244481542137447,49680,0.031993395843505856,False,8.425309630128907e-05,0.001388888888888889,0.014477578881662404,7.834190847262374,1629.0638302018206,0.0,0.0,0.0,0.00014530659691950015,0.03125,0.0625,0.0,0.0,0.0,True,8.425309630128907e-05,0.001388888888888889,0.014477578881662404,7.4684885689192795,1629.0638302018206,0.0,0.0,0.0,0.00014530659691950015,0.03125,0.0625,0.0,0.0,0.0,True,0.0005055185778077344,0.0079155672823219,0.015142057467329802,5.343666334701465,1703.8331019635173,0.001589825119236884,0.0002446183953033268,0.0,0.0005812263876780006,0.15625,0.1875,0.25,0.0,0.5,True,0.0005055185778077344,0.007863695937090432,0.015242736040915772,5.288864475394682,1715.1617795031686,0.001589825119236884,0.0002446183953033268,0.0,0.0005812263876780006,0.15625,0.1875,0.25,0.0,0.5,True,0.009436346785744376,0.08846761453396525,0.023236614783641744,3.1221702832171454,2614.6587761514616,0.02066772655007949,0.010518590998043052,0.011111111111111112,0.007701249636733507,0.53125,0.625,0.75,0.2,1.0,in_domain,0,CTT_Traverse,FS-B,Rule:Staleness,fleet,0.0,0.0,111250,11887,40
61532,11869,0.19289150360787882,0.9998544253480354,0.9995907683054597,49680,0.031993395843505856,False,0.858033532732328,0.9999018163966618,2.013571471719389e-05,15625.000000000002,2.2657355079302093,1.0,0.9740704500978473,0.6111111111111112,0.7858180761406568,0.625,0.8125,0.75,0.2,1.0,True,0.9989889628443845,0.9423031073670826,0.014618528884682762,7.495294947537885,1644.923978757332,1.0,1.0,0.9555555555555556,1.0,1.0,1.0,1.0,1.0,1.0,True,0.9989889628443845,0.9389452011403231,0.015524636046956487,6.028572837705214,1746.8820766141914,1.0,1.0,0.9555555555555556,1.0,1.0,1.0,1.0,1.0,1.0,True,0.9989889628443845,0.938722191433774,0.015585043191108068,5.99565027327407,1753.679283137982,1.0,1.0,0.9555555555555556,1.0,1.0,1.0,1.0,1.0,1.0,True,0.9989889628443845,0.9046311131456474,0.02516964339649236,5.313572841043293,2832.169384912762,1.0,1.0,0.9555555555555556,1.0,1.0,1.0,1.0,1.0,1.0,in_domain,0,CTT_Traverse,FS-B,Rule:Combined,fleet,0.0,0.0,111250,11887,40
61532,11869,0.19289150360787882,0.8501979947763081,0.7581870576147626,49680,0.031993395843505856,False,0.7003959895526161,1.0,0.0,11.506545154008915,0.0,1.0,0.9995107632093934,0.6074074074074074,0.4989828538215635,0.59375,0.75,1.0,0.1,1.0,True,0.7003959895526161,1.0,0.0,11.506545154008915,0.0,1.0,0.9995107632093934,0.6074074074074074,0.4989828538215635,0.59375,0.75,1.0,0.1,1.0,True,0.7003959895526161,1.0,0.0,11.506545154008915,0.0,1.0,0.9995107632093934,0.6074074074074074,0.4989828538215635,0.59375,0.75,1.0,0.1,1.0,True,0.7003959895526161,1.0,0.0,11.506545154008915,0.0,1.0,0.9995107632093934,0.6074074074074074,0.4989828538215635,0.59375,0.75,1.0,0.1,1.0,True,0.7003959895526161,1.0,0.0,11.506545154008915,0.0,1.0,0.9995107632093934,0.6074074074074074,0.4989828538215635,0.59375,0.75,1.0,0.1,1.0,in_domain,0,CTT_Traverse,FS-B,Rule:CombinedQ,fleet,0.0,0.0,111250,11887,40
61532,11869,0.1928915036078788,0.9605787595129738,0.917338427176038,49680,0.0319933958435058,False,0.4912798045328165,0.9960710625213528,0.0004631214384954,0.6104952213064345,52.11191668239481,1.0,0.6291585127201565,0.5925925925925926,0.3589072943911653,0.5625,0.75,0.75,0.1,1.0,True,0.5214424130086781,0.9953361209392088,0.0005839357267986,0.6022457166902937,65.70632972997608,1.0,0.6800391389432485,0.6074074074074074,0.3801220575414124,0.5625,0.75,0.75,0.1,1.0,True,0.6324037408374757,0.9819466248037676,0.0027787286309727,0.5516073668008642,312.6715000943689,1.0,0.7323874755381604,0.6222222222222222,0.539814007555943,0.71875,0.875,0.75,0.4,1.0,True,0.6367849018451428,0.9805396990140114,0.003020357207579,0.5504076982964792,339.8603261895314,1.0,0.7326320939334638,0.6259259259259259,0.547079337401918,0.75,0.875,0.75,0.5,1.0,True,0.8648580335327323,0.909050655331208,0.0206793790145581,0.4917833732014516,2326.9103666443257,1.0,0.7546477495107632,0.8296296296296296,0.9193548387096774,0.96875,0.9375,1.0,1.0,1.0,in_domain,0,CTT_Traverse,FS-B,IForest,fleet,1.97,2.45,111250,11887,40
61532,11869,0.1928915036078788,0.9994294521738408,0.9992723727367704,49680,0.0319933958435058,False,0.8834779678153172,0.9998093058733792,4.027142943438778e-05,0.9886229634284974,4.531471015860419,1.0,0.9762720156555772,0.7148148148148148,0.8243243243243243,0.84375,0.875,1.0,0.7,1.0,True,0.9989889628443844,0.9992415304230576,0.0001812214324547,0.0520783215761184,20.391619571371887,1.0,1.0,0.9555555555555556,1.0,1.0,1.0,1.0,1.0,1.0,True,0.9989889628443844,0.995132186319765,0.0011678714535972,0.0273761712014675,131.41265945995215,1.0,1.0,0.9555555555555556,1.0,1.0,1.0,1.0,1.0,1.0,True,0.9989889628443844,0.9937143814951392,0.0015101786037895,0.0265695545822381,169.9301630947657,1.0,1.0,0.9555555555555556,1.0,1.0,1.0,1.0,1.0,1.0,True,0.9989889628443844,0.9387965162311956,0.0155649074763908,0.0166094247251749,1751.413547630052,1.0,1.0,0.9555555555555556,1.0,1.0,1.0,1.0,1.0,1.0,in_domain,0,CTT_Traverse,FS-B,LogReg,fleet,0.61,0.06,111250,11887,40
61532,11869,0.1928915036078788,0.9999301739083288,0.9998805877945328,49680,0.0319933958435058,False,0.9983991911702756,0.9997468995191092,6.040714415158166e-05,0.6079303474965055,6.797206523790628,1.0,0.9997553816046968,0.9333333333333332,1.0,1.0,1.0,1.0,1.0,1.0,True,0.9993259752295895,0.9986528584659424,0.0003221714354751,0.1535639286215792,36.25176812688335,1.0,1.0,0.9703703703703704,1.0,1.0,1.0,1.0,1.0,1.0,True,0.9994944814221922,0.9948842670244884,0.0012282785977488,0.0694464015899909,138.2098659837428,1.0,1.0,0.9777777777777776,1.0,1.0,1.0,1.0,1.0,1.0,True,0.9994944814221922,0.994550637156271,0.0013088214566176,0.0671627213548835,147.2728080154636,1.0,1.0,0.9777777777777776,1.0,1.0,1.0,1.0,1.0,1.0,True,0.9996629876147948,0.9568548387096776,0.0107726073736987,0.0220392562922131,1212.168496742662,1.0,1.0,0.9851851851851852,1.0,1.0,1.0,1.0,1.0,1.0,in_domain,0,CTT_Traverse,FS-B,RandomForest,fleet,46.95,0.86,111250,11887,40
61532,11869,0.1928915036078788,0.9999154025149476,0.9998597725498312,49680,0.0319933958435058,False,0.9930912461032942,0.9998303503265756,4.027142943438778e-05,0.7039485036810568,4.531471015860419,1.0,0.9897260273972602,0.9148148148148147,0.9975297878523685,1.0,1.0,1.0,1.0,1.0,True,0.9989889628443844,0.9983160730824282,0.0004027142943438,0.1510702101905119,45.314710158604186,1.0,1.0,0.9555555555555556,1.0,1.0,1.0,1.0,1.0,1.0,True,0.9993259752295895,0.9934667895133596,0.0015705857479411,0.0739082732390616,176.7273696185563,1.0,1.0,0.9703703703703704,1.0,1.0,1.0,1.0,1.0,1.0,True,0.9993259752295895,0.9924692494351935,0.0018122143245474,0.0715819583883453,203.91619571371885,1.0,1.0,0.9703703703703704,1.0,1.0,1.0,1.0,1.0,1.0,True,0.9996629876147948,0.947986577181208,0.0131083502808932,0.0333113124111723,1474.9938156625662,1.0,1.0,0.9851851851851852,1.0,1.0,1.0,1.0,1.0,1.0,in_domain,0,CTT_Traverse,FS-B,ExtraTrees,fleet,26.21,1.43,111250,11887,40
61532,11869,0.1928915036078788,0.9999439070459676,0.9999013212409968,49680,0.0319933958435058,False,0.9989889628443844,0.9997470489038786,6.040714415158166e-05,0.3651753350687329,6.797206523790628,1.0,1.0,0.9555555555555556,1.0,1.0,1.0,1.0,1.0,1.0,True,0.9990732159406858,0.9991573980451636,0.0002013571471719,0.1157253458091274,22.657355079302093,1.0,1.0,0.9592592592592591,1.0,1.0,1.0,1.0,1.0,1.0,True,0.9995787345184936,0.9952185219360792,0.00114773573888,0.0114409501310102,129.14692395202195,1.0,1.0,0.9814814814814816,1.0,1.0,1.0,1.0,1.0,1.0,True,0.9995787345184936,0.9944677284157586,0.0013289571713347,0.0107066411190304,149.53854352339383,1.0,1.0,0.9814814814814816,1.0,1.0,1.0,1.0,1.0,1.0,True,0.9996629876147948,0.9538548114800224,0.0115579002476692,0.0020993138435238,1300.5321815519403,1.0,1.0,0.9851851851851852,1.0,1.0,1.0,1.0,1.0,1.0,in_domain,0,CTT_Traverse,FS-B,HistGB,fleet,18.54,0.94,111250,11887,40
61532,11869,0.1928915036078788,0.9999147765078088,0.999890748985388,49680,0.0319933958435058,False,0.9967141292442496,0.9999154762910996,2.013571471719389e-05,0.6188459396362306,2.2657355079302093,1.0,0.9997553816046968,0.8592592592592593,1.0,1.0,1.0,1.0,1.0,1.0,True,0.9993259752295895,0.9986528584659424,0.0003221714354751,0.0255966875702142,36.25176812688335,1.0,1.0,0.9703703703703704,1.0,1.0,1.0,1.0,1.0,1.0,True,0.999747240711096,0.9944686557157224,0.0013289571713347,0.0037121661007404,149.53854352339383,1.0,1.0,0.9888888888888888,1.0,1.0,1.0,1.0,1.0,1.0,True,0.999747240711096,0.9943019943019944,0.0013692286007691,0.0035949738230556,154.07001453925426,1.0,1.0,0.9888888888888888,1.0,1.0,1.0,1.0,1.0,1.0,True,0.9998314938073974,0.9567075137052564,0.0108128788031331,0.0005886738654226,1216.6999677585225,1.0,1.0,0.9925925925925926,1.0,1.0,1.0,1.0,1.0,1.0,in_domain,0,CTT_Traverse,FS-B,XGBoost,fleet,7.58,0.36,111250,11887,40
61532,11869,0.1928915036078788,0.9999168055173968,0.9998848295158922,49680,0.0319933958435058,False,0.995029067318224,1.0,0.0,0.8412524680693843,0.0,1.0,0.9995107632093934,0.7925925925925926,0.9998546934030804,1.0,1.0,1.0,1.0,1.0,True,0.999410228325891,0.998568903106322,0.0003423071501922,0.0072830196797274,38.517503634813565,1.0,1.0,0.974074074074074,1.0,1.0,1.0,1.0,1.0,1.0,True,0.999747240711096,0.9937191190017588,0.0015101786037895,0.000815300824329,169.9301630947657,1.0,1.0,0.9888888888888888,1.0,1.0,1.0,1.0,1.0,1.0,True,0.999747240711096,0.993386354123064,0.0015907214626583,0.0007774742724953,178.99310512648654,1.0,1.0,0.9888888888888888,1.0,1.0,1.0,1.0,1.0,1.0,True,0.9998314938073974,0.9594922380336351,0.0100879930733141,0.0001273872865377,1135.133489473035,1.0,1.0,0.9925925925925926,1.0,1.0,1.0,1.0,1.0,1.0,in_domain,0,CTT_Traverse,FS-B,LightGBM,fleet,10.61,1.86,111250,11887,40
61532,11869,0.1928915036078788,0.9999500195221768,0.9999010833854924,49680,0.0319933958435058,False,0.9962928637627432,0.99991544055471,2.013571471719389e-05,0.7047190415289477,2.2657355079302093,1.0,1.0,0.837037037037037,1.0,1.0,1.0,1.0,1.0,1.0,True,0.9992417221332884,0.9989050787501051,0.0002617642913235,0.032497632900101,29.454561603092724,1.0,1.0,0.9666666666666668,1.0,1.0,1.0,1.0,1.0,1.0,True,0.9996629876147948,0.9940516085790884,0.0014296357449207,0.0071826931211152,160.86722106304487,1.0,1.0,0.9851851851851852,1.0,1.0,1.0,1.0,1.0,1.0,True,0.9996629876147948,0.993219487694626,0.0016309928920927,0.0064547723312857,183.52457614234697,1.0,1.0,0.9851851851851852,1.0,1.0,1.0,1.0,1.0,1.0,True,0.999747240711096,0.9600323624595468,0.0099470430702937,0.0016186755436982,1119.2733409175237,1.0,1.0,0.9888888888888888,1.0,1.0,1.0,1.0,1.0,1.0,in_domain,0,CTT_Traverse,FS-B,CatBoost,fleet,22.31,0.07,111250,11887,40
61532,11869,0.1928915036078788,0.9996138189104566,0.9994018013748543,49680,0.0319933958435058,False,0.9255202628696604,0.9997269748816892,6.040714415158166e-05,0.9992851614952089,6.797206523790628,1.0,0.9867906066536204,0.7518518518518519,0.8891310665504214,0.96875,1.0,1.0,0.9,1.0,True,0.9986519504591794,0.9993255206137762,0.0001610857177375,0.1031499505043029,18.125884063441674,1.0,1.0,0.9555555555555556,0.999418773612322,1.0,1.0,1.0,1.0,1.0,True,0.9989047097480832,0.995048258497692,0.0011880071683144,0.0195416789501905,133.67839496788235,1.0,1.0,0.9555555555555556,0.9998546934030804,1.0,1.0,1.0,1.0,1.0,True,0.9989047097480832,0.9948812620625996,0.0012282785977488,0.0193720571696758,138.2098659837428,1.0,1.0,0.9555555555555556,0.9998546934030804,1.0,1.0,1.0,1.0,1.0,True,0.9989889628443844,0.9596147620589188,0.0100477216438797,0.0099455136805772,1130.6020184571744,1.0,1.0,0.9555555555555556,1.0,1.0,1.0,1.0,1.0,1.0,in_domain,0,CTT_Traverse,FS-B,NN:MLP,fleet,59.32,0.13,111250,11887,40
61532,11869,0.1928915036078788,0.9998936585217272,0.9997200943137364,49680,0.0319933958435058,False,0.9441401971522454,1.0,0.0,0.999987840652466,0.0,0.8807631160572337,0.9554794520547946,0.2037037037037037,0.9722464399883756,0.59375,0.8125,0.75,0.1,1.0,True,0.9777571825764596,0.9997415575465196,6.040714415158166e-05,0.9946236610412598,6.797206523790628,1.0,0.9806751467710372,0.6111111111111112,0.98837547224644,0.71875,0.9375,1.0,0.2,1.0,True,0.998230684977673,0.9968868321413548,0.0007450214445361,0.0981301888823509,83.83221379341775,1.0,0.9987769080234834,0.9444444444444444,0.9998546934030804,1.0,1.0,1.0,1.0,1.0,True,0.998230684977673,0.9967191049045176,0.0007852928739705,0.0892928317189216,88.36368480927815,1.0,0.9987769080234834,0.9444444444444444,0.9998546934030804,1.0,1.0,1.0,1.0,1.0,True,0.9989047097480832,0.956591899306116,0.0108330145178503,0.0178436655551195,1218.965703266453,1.0,0.99926614481409,0.9629629629629628,1.0,1.0,1.0,1.0,1.0,1.0,in_domain,0,CTT_Traverse,FS-B,NN:CNN1D,fleet,161.94,2.01,111250,11887,40
61532,11869,0.1928915036078788,0.9996496981109412,0.9992081363777136,49680,0.0319933958435058,False,0.9660460021905805,1.0,0.0,0.9773805737495423,0.0,1.0,0.9574363992172212,0.6074074074074074,0.9821272885789016,0.65625,0.875,1.0,0.1,1.0,True,0.98365489931755,1.0,0.0,0.792628824710846,0.0,1.0,0.9911937377690804,0.6333333333333333,0.9914269107817496,0.78125,1.0,1.0,0.3,1.0,True,0.9956188389923328,0.9973835246455098,0.000624207156233,0.1389929354190826,70.23780074583648,1.0,0.99926614481409,0.8222222222222222,0.9998546934030804,0.96875,1.0,1.0,0.9,1.0,True,0.9957030920886344,0.9969630504471064,0.0007248857298189,0.1336208581924438,81.56647828548755,1.0,0.99926614481409,0.8222222222222222,1.0,0.96875,1.0,1.0,0.9,1.0,True,0.9970511416294549,0.9614884627884304,0.0095443287759499,0.0551031157374382,1073.9586307589193,1.0,0.9995107632093934,0.8777777777777778,1.0,1.0,1.0,1.0,1.0,1.0,in_domain,0,CTT_Traverse,FS-B,NN:LSTM,fleet,106.56,1.96,111250,11887,40
61532,11869,0.1928915036078788,0.999931402171658,0.999886765395264,49680,0.0319933958435058,False,0.9790209790209792,1.0,0.0,0.9995675683021548,0.0,1.0,0.9840998043052838,0.6444444444444445,0.987213019471084,0.875,1.0,1.0,0.6,1.0,True,0.9974724071109612,0.9994090832348472,0.0001409500030203,0.9655210375785828,15.860148555511463,1.0,0.9973091976516634,0.9407407407407408,0.9995640802092416,1.0,1.0,1.0,1.0,1.0,True,0.9990732159406858,0.998316214850985,0.0004027142943438,0.0347210466861724,45.314710158604186,1.0,0.9987769080234834,0.9777777777777776,1.0,1.0,1.0,1.0,1.0,1.0,True,0.9990732159406858,0.9978961541698224,0.0005033928679298,0.0270683411508798,56.64338769825524,1.0,0.9987769080234834,0.9777777777777776,1.0,1.0,1.0,1.0,1.0,1.0,True,0.999747240711096,0.9730217302173022,0.0066246501419567,0.0023504302371293,745.4269821090389,1.0,1.0,0.9888888888888888,1.0,1.0,1.0,1.0,1.0,1.0,in_domain,0,CTT_Traverse,FS-B,NN:Transformer,fleet,394.31,3.26,111250,11887,40
61532,11869,0.1928915036078788,0.9999177496175942,0.9998900936913168,49680,0.0319933958435058,False,0.998230684977673,0.999831223628692,4.027142943438778e-05,0.893183520599251,4.531471015860419,1.0,0.9997553816046968,0.925925925925926,1.0,1.0,1.0,1.0,1.0,1.0,True,0.999410228325891,0.9988211519029976,0.0002819000060407,0.8925093632958802,31.72029711102293,1.0,1.0,0.974074074074074,1.0,1.0,1.0,1.0,1.0,1.0,True,0.999747240711096,0.9943853180256432,0.0013490928860519,0.8885722846441948,151.80427903132403,1.0,1.0,0.9888888888888888,1.0,1.0,1.0,1.0,1.0,1.0,True,0.999747240711096,0.9940521068945296,0.0014296357449207,0.8884134831460674,160.86722106304487,1.0,1.0,0.9888888888888888,1.0,1.0,1.0,1.0,1.0,1.0,True,0.9998314938073974,0.9543224768797748,0.0114370859593661,0.8713048689138576,1286.937768504359,1.0,1.0,0.9925925925925926,1.0,1.0,1.0,1.0,1.0,1.0,in_domain,0,CTT_Traverse,FS-B,Ens:RankAvg-Trees,fleet,72.91,2.98,111250,11887,40
61532,11869,0.1928915036078788,0.9999261752665236,0.9998804013899596,49680,0.0319933958435058,False,0.9968826354368524,0.9999154905771992,2.013571471719389e-05,0.9906284918631144,2.2657355079302093,1.0,0.9997553816046968,0.8666666666666667,1.0,1.0,1.0,1.0,1.0,1.0,True,0.999410228325891,0.9983167816865848,0.0004027142943438,0.0078998605910567,45.314710158604186,1.0,1.0,0.974074074074074,1.0,1.0,1.0,1.0,1.0,1.0,True,0.9994944814221922,0.9943005615623166,0.0013692286007691,0.0041211826110715,154.07001453925426,1.0,1.0,0.9777777777777776,1.0,1.0,1.0,1.0,1.0,1.0,True,0.9994944814221922,0.9937175406265706,0.0015101786037895,0.0040481800873972,169.9301630947657,1.0,1.0,0.9777777777777776,1.0,1.0,1.0,1.0,1.0,1.0,True,0.999747240711096,0.9531689292312636,0.011739121680124,0.0029609282002181,1320.9238011233122,1.0,1.0,0.9888888888888888,1.0,1.0,1.0,1.0,1.0,1.0,in_domain,0,CTT_Traverse,FS-B,Ens:Stack-Trees,fleet,245.53,4.56,111250,11887,40
61532,11869,0.1928915036078788,0.9999367520727752,0.9998670900456176,49680,0.0319933958435058,False,0.9951975735108264,0.9997460854845536,6.040714415158166e-05,0.8938678651685394,6.797206523790628,1.0,0.9987769080234834,0.8074074074074075,1.0,1.0,1.0,1.0,1.0,1.0,True,0.9989047097480832,0.9988205560235888,0.0002819000060407,0.8774202247191012,31.72029711102293,1.0,0.9997553816046968,0.9555555555555556,1.0,1.0,1.0,1.0,1.0,1.0,True,0.9991574690369872,0.9952165156092648,0.00114773573888,0.8552773033707866,129.14692395202195,1.0,1.0,0.9629629629629628,1.0,1.0,1.0,1.0,1.0,1.0,True,0.9991574690369872,0.9949660206393154,0.0012081428830316,0.8538193258426967,135.94413047581256,1.0,1.0,0.9629629629629628,1.0,1.0,1.0,1.0,1.0,1.0,True,0.999410228325891,0.9612641815235008,0.0096248716348186,0.8109644943820224,1083.0215727906402,1.0,1.0,0.974074074074074,1.0,1.0,1.0,1.0,1.0,1.0,in_domain,0,CTT_Traverse,FS-B,Ens:RankAvg-Hybrid,fleet,197.39,5.22,111250,11887,40
