n_windows,n_pos,pos_rate,roc_auc,pr_auc,n_calib,win_seconds,resolvable@fa1,recall@fa1,precision@fa1,fpr@fa1,thr@fa1,fa_per_hour@fa1,recall[dos]@fa1,recall[fuzzing]@fa1,recall[spoofing]@fa1,recall[timing]@fa1,event_recall@fa1,event_recall[timing]@fa1,event_recall[spoofing]@fa1,event_recall[dos]@fa1,event_recall[fuzzing]@fa1,resolvable@fa10,recall@fa10,precision@fa10,fpr@fa10,thr@fa10,fa_per_hour@fa10,recall[dos]@fa10,recall[fuzzing]@fa10,recall[spoofing]@fa10,recall[timing]@fa10,event_recall@fa10,event_recall[timing]@fa10,event_recall[spoofing]@fa10,event_recall[dos]@fa10,event_recall[fuzzing]@fa10,resolvable@fa100,recall@fa100,precision@fa100,fpr@fa100,thr@fa100,fa_per_hour@fa100,recall[dos]@fa100,recall[fuzzing]@fa100,recall[spoofing]@fa100,recall[timing]@fa100,event_recall@fa100,event_recall[timing]@fa100,event_recall[spoofing]@fa100,event_recall[dos]@fa100,event_recall[fuzzing]@fa100,resolvable@fpr0.001,recall@fpr0.001,precision@fpr0.001,fpr@fpr0.001,thr@fpr0.001,fa_per_hour@fpr0.001,recall[dos]@fpr0.001,recall[fuzzing]@fpr0.001,recall[spoofing]@fpr0.001,recall[timing]@fpr0.001,event_recall@fpr0.001,event_recall[timing]@fpr0.001,event_recall[spoofing]@fpr0.001,event_recall[dos]@fpr0.001,event_recall[fuzzing]@fpr0.001,resolvable@fpr0.01,recall@fpr0.01,precision@fpr0.01,fpr@fpr0.01,thr@fpr0.01,fa_per_hour@fpr0.01,recall[dos]@fpr0.01,recall[fuzzing]@fpr0.01,recall[spoofing]@fpr0.01,recall[timing]@fpr0.01,event_recall@fpr0.01,event_recall[timing]@fpr0.01,event_recall[spoofing]@fpr0.01,event_recall[dos]@fpr0.01,event_recall[fuzzing]@fpr0.01,model,scope,n_train,n_train_pos,fit_s,control,test_domain,feature_set,seed
125812,27607,0.2194305789590818,0.9909851442550885,0.9735525921833864,98229,0.039665574882341466,True,0.0,0.0,0.0,1.0000000000000002,0.0,0.0,0.0,0.0,0.0,0.0,0.0,0.0,0.0,0.0,True,0.0,0.0,0.0,1.0000000000000002,0.0,0.0,0.0,0.0,0.0,0.0,0.0,0.0,0.0,0.0,True,0.0,0.0,0.0,1.0000000000000002,0.0,0.0,0.0,0.0,0.0,0.0,0.0,0.0,0.0,0.0,True,0.0,0.0,0.0,1.0000000000000002,0.0,0.0,0.0,0.0,0.0,0.0,0.0,0.0,0.0,0.0,True,0.9692469301264172,0.9780685722640544,0.006109668550481137,0.9535241723060608,554.5061894848235,1.0,0.9990267639902677,0.8721804511278195,0.9912021915498894,1.0,1.0,1.0,1.0,1.0,LogReg,fleet,150000,75000,2.74,C_feature_ablation,CTT_Forester,FS-B34,0
125812,27607,0.2194305789590818,0.9996684191159962,0.9994451164227777,98229,0.039665574882341466,True,0.796573332850364,0.9998635991634082,3.054834275240568e-05,0.8539029504509595,2.772530947424117,0.9976,0.9017031630170317,0.7821428571428571,0.7759983141923928,1.0,1.0,1.0,1.0,1.0,True,0.9203825116818198,0.999449317547103,0.00014255893284455986,0.7816936702431708,12.93847775464588,1.0,0.9635036496350365,0.8695488721804512,0.9247181540406701,1.0,1.0,1.0,1.0,1.0,True,0.9973919658057739,0.9959849526152066,0.0011302886818390103,0.4380852599211298,102.58364505469234,1.0,1.0,0.9864661654135338,1.0,1.0,1.0,1.0,1.0,1.0,True,0.9972470750172058,0.996272707534197,0.0010488264344992618,0.46651712892229036,95.1902291948947,1.0,1.0,0.9857142857142858,1.0,1.0,1.0,1.0,1.0,1.0,True,0.998695982902887,0.9833791061811178,0.004745175907540349,0.14386085107613786,430.66647383321293,1.0,1.0,0.9932330827067669,1.0,1.0,1.0,1.0,1.0,1.0,RandomForest,fleet,150000,75000,138.33,C_feature_ablation,CTT_Forester,FS-B34,0
125812,27607,0.2194305789590818,0.9997493269851088,0.9995945979701599,98229,0.039665574882341466,True,0.7817582497192741,1.0,0.0,0.997222239149816,0.0,0.9976,1.0,0.6526315789473685,0.7801074702349594,0.9473684210526315,1.0,0.9090909090909091,1.0,1.0,True,0.9307422030644402,0.9995720843382868,0.00011201059009215417,0.9865672496042894,10.165946807221763,0.9992,1.0,0.7849624060150376,0.9595932989147613,1.0,1.0,1.0,1.0,1.0,True,0.9965226210743652,0.9965226210743652,0.0009775469680769818,0.41597891975206863,88.72099031757175,1.0,1.0,0.9823308270676692,0.9998946370245496,1.0,1.0,1.0,1.0,1.0,True,0.996232839497229,0.9966660626925168,0.0009368158444071076,0.44708768554424033,85.02428238767294,1.0,1.0,0.9808270676691729,0.9998946370245496,1.0,1.0,1.0,1.0,1.0,True,0.9993479914514435,0.9755312754145893,0.007046484394888244,0.01381907827598074,639.5304718724964,1.0,1.0,0.9966165413533835,1.0,1.0,1.0,1.0,1.0,1.0,HistGB,fleet,150000,75000,96.49,C_feature_ablation,CTT_Forester,FS-B34,0
125812,27607,0.2194305789590818,0.9998269117200641,0.9996750177481857,98229,0.039665574882341466,True,0.8900278914767994,0.9997965494791666,5.09139045873428e-05,0.9933318495750427,4.620884912373529,0.9256,1.0,0.718796992481203,0.9237698872616162,1.0,1.0,1.0,1.0,1.0,True,0.9455935088926721,0.9995405291572539,0.00012219337100962272,0.9841769933700562,11.090123789696468,0.9928,1.0,0.8342105263157895,0.9678116109998947,1.0,1.0,1.0,1.0,1.0,True,0.9973557431086318,0.9963091619626574,0.0010386436535817932,0.19982057809829712,94.26605221241999,1.0,1.0,0.9862781954887218,1.0,1.0,1.0,1.0,1.0,1.0,True,0.9969935161372115,0.9966325089618713,0.0009469986253245762,0.2451825737953186,85.94845937014765,1.0,1.0,0.9843984962406015,1.0,1.0,1.0,1.0,1.0,1.0,True,0.9993479914514435,0.9718200711543203,0.008146224733974848,0.005581301171332598,739.3415859797645,1.0,1.0,0.9966165413533835,1.0,1.0,1.0,1.0,1.0,1.0,XGBoost,fleet,150000,75000,83.26,C_feature_ablation,CTT_Forester,FS-B34,0
125812,27607,0.2194305789590818,0.9997962267192059,0.9996399242889451,98229,0.039665574882341466,True,0.8838700329626544,0.9997541688859753,6.109668550481136e-05,0.9954150808029054,5.545061894848234,0.9976,1.0,0.6753759398496241,0.9222421241175851,1.0,1.0,1.0,1.0,1.0,True,0.9406672220813562,0.9992688933353856,0.00019347283743190267,0.9868322207368468,17.55936266701941,0.9992,1.0,0.7770676691729324,0.9762406490359288,1.0,1.0,1.0,1.0,1.0,True,0.9967761799543594,0.9964152514755404,0.0010080953108293875,0.3073887131552973,91.49352126499588,1.0,1.0,0.9832706766917293,1.0,1.0,1.0,1.0,1.0,1.0,True,0.9960155033143768,0.9967014644048137,0.0009266330634896391,0.3869958648985567,84.10010540519822,1.0,1.0,0.9793233082706767,1.0,1.0,1.0,1.0,1.0,1.0,True,0.9993842141485855,0.9767063154913622,0.006700269843694313,0.00564877676499402,608.1084544683564,1.0,1.0,0.9968045112781955,1.0,1.0,1.0,1.0,1.0,1.0,LightGBM,fleet,150000,75000,45.82,C_feature_ablation,CTT_Forester,FS-B34,0
125812,27607,0.2194305789590818,0.96614977001409,0.941426125936033,98229,0.039665574882341466,True,0.14594124678523562,1.0,0.0,46591.887574451735,0.0,0.3608,0.991727493917275,0.0,0.08112949109682857,0.18421052631578946,0.3333333333333333,0.0,0.5,1.0,True,0.14735393197377478,0.9990176817288802,4.073112366987424e-05,45.00705404441029,3.696707929898823,0.3608,1.0,0.0,0.08228848382678326,0.18421052631578946,0.3333333333333333,0.0,0.5,1.0,True,0.14735393197377478,0.9878581835842642,0.000509139045873428,42.74808552685752,46.208849123735284,0.3608,1.0,0.0,0.08228848382678326,0.18421052631578946,0.3333333333333333,0.0,0.5,1.0,True,0.14735393197377478,0.9880981297060967,0.0004989562649559595,42.81761040814646,45.284672141260586,0.3608,1.0,0.0,0.08228848382678326,0.18421052631578946,0.3333333333333333,0.0,0.5,1.0,True,0.7401021480059405,0.9456632416921226,0.01195458479710809,2.1391422207513564,1084.9837774253047,1.0,1.0,0.8281954887218045,0.6701612053524392,0.9473684210526315,1.0,0.9090909090909091,1.0,1.0,Rule:Combined,fleet,150000,75000,0.41,C_feature_ablation,CTT_Forester,FS-B34,0
125812,27607,0.2194305789590818,0.9910202530319072,0.9734310556272667,98229,0.039665574882341466,True,0.0,0.0,0.0,1.0000000000000002,0.0,0.0,0.0,0.0,0.0,0.0,0.0,0.0,0.0,0.0,True,0.0,0.0,0.0,1.0000000000000002,0.0,0.0,0.0,0.0,0.0,0.0,0.0,0.0,0.0,0.0,True,0.0,0.0,0.0,1.0000000000000002,0.0,0.0,0.0,0.0,0.0,0.0,0.0,0.0,0.0,0.0,True,0.0,0.0,0.0,1.0000000000000002,0.0,0.0,0.0,0.0,0.0,0.0,0.0,0.0,0.0,0.0,True,0.9691020393378491,0.9776364832273624,0.006231861921490759,0.9497330188751221,565.59631327452,1.0,0.9995133819951338,0.8706766917293233,0.991360236013065,1.0,1.0,1.0,1.0,1.0,LogReg,fleet,150000,75000,2.25,C_feature_ablation,CTT_Forester,FS-B,0
125812,27607,0.2194305789590818,0.9996313862446853,0.9994175265536178,98229,0.039665574882341466,True,0.769152751113848,0.9997645840199633,5.09139045873428e-05,0.8630069253724351,4.620884912373529,0.9976,0.9090024330900244,0.780827067669173,0.7356969760826045,1.0,1.0,1.0,1.0,1.0,True,0.8736914550657442,0.9994199055274716,0.00014255893284455986,0.8203577181437391,12.93847775464588,1.0,0.9586374695863747,0.8404135338345865,0.8655041618375303,1.0,1.0,1.0,1.0,1.0,True,0.9968124026515014,0.996523628462792,0.0009775469680769818,0.5030326124187691,88.72099031757175,1.0,1.0,0.9834586466165414,1.0,1.0,1.0,1.0,1.0,1.0,True,0.9967037345600753,0.9966676325702695,0.0009368158444071076,0.506808286177995,85.02428238767294,1.0,1.0,0.9828947368421053,1.0,1.0,1.0,1.0,1.0,1.0,True,0.9986597602057449,0.984467059453669,0.004429509699098824,0.13968628532996866,402.016987376497,1.0,1.0,0.9930451127819548,1.0,1.0,1.0,1.0,1.0,1.0,RandomForest,fleet,150000,75000,159.36,C_feature_ablation,CTT_Forester,FS-B,0
125812,27607,0.2194305789590818,0.9998297730567891,0.9996436747376951,98229,0.039665574882341466,True,0.8777483971456514,0.9998762120899526,3.054834275240568e-05,0.9931138036197793,2.772530947424117,0.9976,1.0,0.7003759398496241,0.9063323148245707,1.0,1.0,1.0,1.0,1.0,True,0.9341109138986489,0.9994186722474131,0.0001527417137620284,0.9837651343155059,13.862654737120586,0.9984,1.0,0.799812030075188,0.9603835212306395,1.0,1.0,1.0,1.0,1.0,True,0.9959792806172347,0.9965568482476169,0.0009673641871595132,0.408583736534876,87.79681333509704,1.0,1.0,0.9791353383458646,1.0,1.0,1.0,1.0,1.0,1.0,True,0.9949650450972579,0.996842678279804,0.0008859019398197648,0.49253521833758285,80.4033974752994,1.0,1.0,0.9738721804511278,1.0,1.0,1.0,1.0,1.0,1.0,True,0.9993479914514435,0.9766017699115044,0.006730818186446719,0.00230130468763664,610.8809854157805,1.0,1.0,0.9966165413533835,1.0,1.0,1.0,1.0,1.0,1.0,HistGB,fleet,150000,75000,70.62,C_feature_ablation,CTT_Forester,FS-B,0
125812,27607,0.2194305789590818,0.9998186190996426,0.9996616844598186,98229,0.039665574882341466,True,0.8766979389285326,0.9997934567085262,5.09139045873428e-05,0.9976258873939514,4.620884912373529,0.6568,0.9931873479318735,0.7287593984962406,0.9200295016331261,0.9736842105263158,1.0,0.9545454545454546,1.0,1.0,True,0.9445068279784112,0.9995783178716553,0.00011201059009215417,0.9922798871994019,10.165946807221763,0.9216,1.0,0.8360902255639098,0.9703930038984301,1.0,1.0,1.0,1.0,1.0,True,0.9973919658057739,0.9962372010564782,0.0010590092154167303,0.31128764152526855,96.1144061773694,1.0,1.0,0.9864661654135338,1.0,1.0,1.0,1.0,1.0,1.0,True,0.9969210707429276,0.996560089799761,0.0009673641871595132,0.40097150206565857,87.79681333509704,1.0,1.0,0.9840225563909775,1.0,1.0,1.0,1.0,1.0,1.0,True,0.9994204368457276,0.9719589953147567,0.008105493610304975,0.0032485087867826223,735.6448780498658,1.0,1.0,0.9969924812030075,1.0,1.0,1.0,1.0,1.0,1.0,XGBoost,fleet,150000,75000,34.46,C_feature_ablation,CTT_Forester,FS-B,0
125812,27607,0.2194305789590818,0.9997631248432086,0.9996247635943011,98229,0.039665574882341466,True,0.8517405005976745,0.9998724327082537,3.054834275240568e-05,0.9979787049002289,2.772530947424117,0.9976,0.9995133819951338,0.6830827067669173,0.8734063849963123,1.0,1.0,1.0,1.0,1.0,True,0.9270474879559532,0.9993752196493421,0.00016292449467949696,0.9942350556808763,14.786831719595291,0.9984,1.0,0.7571428571428571,0.9620693288378463,1.0,1.0,1.0,1.0,1.0,True,0.9964501756800811,0.9965223691360261,0.0009775469680769818,0.3952615514351105,88.72099031757175,1.0,1.0,0.9815789473684211,1.0,1.0,1.0,1.0,1.0,1.0,True,0.996196616800087,0.9965937092332222,0.0009571814062420447,0.4283468130599842,86.87263635262234,1.0,1.0,0.9802631578947368,1.0,1.0,1.0,1.0,1.0,1.0,True,0.9993842141485855,0.973776162072495,0.007565806221679141,0.002171182202320373,686.6634979787065,1.0,1.0,0.9968045112781955,1.0,1.0,1.0,1.0,1.0,1.0,LightGBM,fleet,150000,75000,57.27,C_feature_ablation,CTT_Forester,FS-B,0
125812,27607,0.2194305789590818,0.9779957359609519,0.9339416731699753,98229,0.039665574882341466,True,0.09885174050059767,1.0,0.0,201454.61670102493,0.0,0.36,0.6627737226277373,0.0,0.048308924244020654,0.15789473684210525,0.25,0.0,0.5,1.0,True,0.09885174050059767,1.0,0.0,195879.49977308605,0.0,0.36,0.6627737226277373,0.0,0.048308924244020654,0.15789473684210525,0.25,0.0,0.5,1.0,True,0.09892418589488174,1.0,0.0,128077.4755820389,0.0,0.3608,0.6627737226277373,0.0,0.04836160573174587,0.15789473684210525,0.25,0.0,0.5,1.0,True,0.09892418589488174,1.0,0.0,134991.5439341349,0.0,0.3608,0.6627737226277373,0.0,0.04836160573174587,0.15789473684210525,0.25,0.0,0.5,1.0,True,0.7065599304524215,0.9638304180254966,0.007453795631586987,3.318161062295716,676.4975511714846,1.0,1.0,0.6736842105263158,0.6646823306290169,0.9473684210526315,0.9166666666666666,0.9545454545454546,1.0,1.0,Rule:Combined,fleet,150000,75000,0.42,C_feature_ablation,CTT_Forester,FS-B,0
125812,27607,0.2194305789590818,0.48233899927246066,0.21744221897693922,98229,0.039665574882341466,True,0.0,0.0,0.0,201454.61670102493,0.0,0.0,0.0,0.0,0.0,0.0,0.0,0.0,0.0,0.0,True,0.0,0.0,0.0,195879.49977308605,0.0,0.0,0.0,0.0,0.0,0.0,0.0,0.0,0.0,0.0,True,0.0,0.0,0.0,128077.4755820389,0.0,0.0,0.0,0.0,0.0,0.0,0.0,0.0,0.0,0.0,True,0.0,0.0,0.0,134991.5439341349,0.0,0.0,0.0,0.0,0.0,0.0,0.0,0.0,0.0,0.0,True,0.012388162422573986,0.28739495798319326,0.00863499821801334,3.204447775836796,783.7020811385505,0.0008,0.07688564476885645,0.005639097744360902,0.008060267621957645,0.47368421052631576,0.6666666666666666,0.3181818181818182,0.5,1.0,Rule:Staleness,fleet,150000,75000,0.28,C_feature_ablation,CTT_Forester,FS-B,0
125812,27607,0.2194305789590818,0.49358567368777095,0.36435411801239237,98229,0.039665574882341466,True,0.07809613503821494,0.9995363931386184,1.018278091746856e-05,0.9982853531837463,0.9241769824747057,0.2336,0.3956204379562044,0.09962406015037593,0.027447055104836162,0.2894736842105263,0.4166666666666667,0.13636363636363635,0.5,1.0,True,0.08787626326656282,0.9971228935470613,7.127946642227993e-05,0.9975560903549194,6.46923887732294,0.2664,0.448661800486618,0.10150375939849623,0.03324201875460963,0.3157894736842105,0.4166666666666667,0.18181818181818182,0.5,1.0,True,0.10598761183757742,0.9708029197080292,0.0008960847207372334,0.9953054785728455,81.3275744577741,0.3112,0.5201946472019465,0.10657894736842105,0.047466020440417235,0.42105263157894735,0.5,0.3181818181818182,0.5,1.0,True,0.10504582171188467,0.9725016767270288,0.000834988035232422,0.9954315423965454,75.78251256292587,0.3104,0.5187347931873479,0.10563909774436091,0.04657043514908861,0.42105263157894735,0.5,0.3181818181818182,0.5,1.0,True,0.14289854022530518,0.8130667765869745,0.009235782292143984,0.9887597560882568,838.2285231045581,0.3496,0.5995133819951338,0.12706766917293233,0.08429038036034138,0.5263157894736842,0.5833333333333334,0.45454545454545453,0.5,1.0,LogReg,fleet,150000,75000,3.18,C_feature_ablation,CTT_Forester,FS-A-rank,0
125812,27607,0.2194305789590818,0.7373397432661152,0.541043059361604,98229,0.039665574882341466,True,0.12265005252291085,1.0,0.0,0.7263948821750925,0.0,0.9944,0.5931873479318734,0.0,0.04867769465809715,0.21052631578947367,0.4166666666666667,0.0,1.0,0.5,True,0.12435251928858623,0.9968060394889663,0.00011201059009215417,0.6871167565499108,10.165946807221763,0.996,0.5985401459854015,0.0011278195488721805,0.05015277631440312,0.2894736842105263,0.5,0.045454545454545456,1.0,1.0,True,0.13594378237403557,0.9700180925303696,0.0011812025864263531,0.6354615144392445,107.20452996706588,0.9984,0.6170316301703163,0.013909774436090226,0.06126857022442314,0.39473684210526316,0.6666666666666666,0.13636363636363635,1.0,1.0,True,0.13445865179121239,0.9745339984247834,0.0009877297489944504,0.639152117310742,89.64516730004645,0.9984,0.6160583941605839,0.011842105263157895,0.05979348856811716,0.3684210526315789,0.6666666666666666,0.09090909090909091,1.0,1.0,True,0.18640199949288225,0.8592419435631992,0.008584084313425997,0.5894540767673981,779.081196226177,0.9984,0.6515815085158151,0.0774436090225564,0.11310715414603309,0.6842105263157895,0.8333333333333334,0.5454545454545454,1.0,1.0,RandomForest,fleet,150000,75000,186.13,C_feature_ablation,CTT_Forester,FS-A-rank,0
125812,27607,0.2194305789590818,0.7238906440295778,0.538898367151864,98229,0.039665574882341466,True,3.62226971420292e-05,1.0,0.0,0.999980684898962,0.0,0.0,0.00048661800486618007,0.0,0.0,0.02631578947368421,0.0,0.0,0.0,0.5,True,0.02122650052522911,0.9965986394557823,2.036556183493712e-05,0.9998558242400839,1.8483539649494114,0.0504,0.12116788321167883,0.0,0.01443472763670846,0.18421052631578946,0.25,0.0,1.0,1.0,True,0.03162241460499149,0.9458288190682557,0.000509139045873428,0.9998141473089667,46.208849123735284,0.1096,0.17761557177615572,0.0,0.019544831946054157,0.18421052631578946,0.25,0.0,1.0,1.0,True,0.030354620205020465,0.945823927765237,0.0004887734840384909,0.9998192070685484,44.360495158785874,0.0952,0.17274939172749393,0.0,0.019176061531977664,0.18421052631578946,0.25,0.0,1.0,1.0,True,0.17252870648748506,0.8729838709677419,0.007056667175805713,0.9897636755843532,640.4546488549711,0.9912,0.6214111922141119,0.02913533834586466,0.11020967232114635,0.42105263157894735,0.6666666666666666,0.18181818181818182,1.0,1.0,HistGB,fleet,150000,75000,68.46,C_feature_ablation,CTT_Forester,FS-A-rank,0
125812,27607,0.2194305789590818,0.7555600874653927,0.572388139091778,98229,0.039665574882341466,True,0.019994928822400115,1.0,0.0,0.999810516834259,0.0,0.3296,0.029197080291970802,0.0,0.004214519018017069,0.18421052631578946,0.25,0.0,1.0,1.0,True,0.0679900025355888,0.9962845010615711,7.127946642227993e-05,0.9989964365959167,6.46923887732294,0.8064,0.2121654501216545,0.0009398496240601503,0.02254767674639132,0.2894736842105263,0.4166666666666667,0.09090909090909091,1.0,1.0,True,0.0904480747636469,0.9799843014128728,0.0005193218267908966,0.9978246688842773,47.133026106209996,0.9192,0.327007299270073,0.007706766917293233,0.03345274470551048,0.2894736842105263,0.4166666666666667,0.09090909090909091,1.0,1.0,True,0.08744159090085848,0.9801055623223711,0.0004989562649559595,0.9979999661445618,45.284672141260586,0.912,0.31143552311435524,0.005639097744360902,0.03181961858602887,0.2894736842105263,0.4166666666666667,0.09090909090909091,1.0,1.0,True,0.24359763828014633,0.9005088377075522,0.007565806221679141,0.9652026295661926,686.6634979787065,0.992,0.637956204379562,0.10244360902255639,0.19118111895479928,0.4473684210526316,0.6666666666666666,0.22727272727272727,1.0,1.0,XGBoost,fleet,150000,75000,20.08,C_feature_ablation,CTT_Forester,FS-A-rank,0
125812,27607,0.2194305789590818,0.657873563319188,0.4642798289564095,98229,0.039665574882341466,True,0.007751657188394248,1.0,0.0,0.9999571355176218,0.0,0.0304,0.027737226277372264,0.0,0.00626909703930039,0.15789473684210525,0.25,0.0,1.0,0.5,True,0.03423044879921759,0.9864300626304802,0.0001323761519270913,0.9998891947967161,12.014300772171175,0.2976,0.12749391727493917,0.0005639097744360903,0.016225898219365716,0.21052631578947367,0.3333333333333333,0.045454545454545456,1.0,0.5,True,0.069475133118412,0.9547038327526133,0.0009266330634896391,0.9997612681793078,84.10010540519822,0.6952,0.26520681265206814,0.0011278195488721805,0.026235380887156254,0.2631578947368421,0.4166666666666667,0.045454545454545456,1.0,1.0,True,0.06770022095845257,0.9574795081967213,0.0008451708161498905,0.9997708424025877,76.70668954540058,0.6784,0.25498783454987833,0.0011278195488721805,0.02586661047307976,0.2631578947368421,0.4166666666666667,0.045454545454545456,1.0,1.0,True,0.11138479371173977,0.7523856129190115,0.010304974288478184,0.9992087464420032,935.2671062644023,0.9664,0.4569343065693431,0.0037593984962406013,0.04783479085449373,0.34210526315789475,0.5,0.13636363636363635,1.0,1.0,LightGBM,fleet,150000,75000,53.71,C_feature_ablation,CTT_Forester,FS-A-rank,0
125812,27607,0.2194305789590818,0.5112738230879894,0.33289489697626884,98229,0.039665574882341466,True,0.05578295359872496,0.9993510707332901,1.018278091746856e-05,0.9999991655349731,0.9241769824747057,0.0176,0.4506082725060827,0.00037593984962406017,0.031082077757875883,0.23684210526315788,0.3333333333333333,0.045454545454545456,1.0,1.0,True,0.05973122758720614,0.9909855769230769,0.0001527417137620284,0.999998927116394,13.862654737120586,0.0184,0.4768856447688564,0.0018796992481203006,0.033505426193235696,0.23684210526315788,0.3333333333333333,0.045454545454545456,1.0,1.0,True,0.06842467490129316,0.9530776992936428,0.0009469986253245762,0.9999982118606567,85.94845937014765,0.0392,0.5255474452554745,0.005639097744360902,0.038457486039405755,0.3157894736842105,0.4166666666666667,0.13636363636363635,1.0,1.0,True,0.06741043938131633,0.9632505175983437,0.0007229774451402678,0.9999983310699463,65.61656575570412,0.032,0.5226277372262774,0.0050751879699248124,0.037930671162153616,0.2894736842105263,0.4166666666666667,0.09090909090909091,1.0,1.0,True,0.11047922628318904,0.7625,0.009673641871595133,0.999994158744812,877.9681333509704,0.3584,0.6262773722627737,0.04567669172932331,0.05647455484142872,0.6052631578947368,0.75,0.45454545454545453,1.0,1.0,LogReg,fleet,150000,75000,6.25,C_feature_ablation,CTT_Forester,FS-A,0
125812,27607,0.2194305789590818,0.687823180168127,0.49079212627548835,98229,0.039665574882341466,True,0.12873546564277177,1.0,0.0,0.6243753686607101,0.0,0.9952,0.55669099756691,0.043045112781954886,0.04936255399852492,0.39473684210526316,0.5833333333333334,0.22727272727272727,1.0,0.5,True,0.14326076719672548,0.9992420414350682,3.054834275240568e-05,0.6007540610258708,2.772530947424117,0.9952,0.5669099756690997,0.08609022556390977,0.057317458645032134,0.5263157894736842,0.6666666666666666,0.36363636363636365,1.0,1.0,True,0.16484949469337487,0.9766094420600858,0.0011099231200040732,0.5780114585910809,100.73529108974293,0.9968,0.5746958637469587,0.14097744360902256,0.07238436413444316,0.7368421052631579,0.9166666666666666,0.5909090909090909,1.0,1.0,True,0.16448726772195457,0.9780314451863019,0.0010386436535817932,0.5788073271073605,94.26605221241999,0.9968,0.5746958637469587,0.14041353383458646,0.07201559372036666,0.7368421052631579,0.9166666666666666,0.5909090909090909,1.0,1.0,True,0.19773970369833738,0.8727418065547562,0.008105493610304975,0.5564368679304692,735.6448780498658,0.9984,0.5819951338199514,0.20545112781954888,0.10125381940786007,0.868421052631579,0.9166666666666666,0.8181818181818182,1.0,1.0,RandomForest,fleet,150000,75000,142.47,C_feature_ablation,CTT_Forester,FS-A,0
125812,27607,0.2194305789590818,0.6319411525778218,0.4629613334332474,98229,0.039665574882341466,True,0.1300032600427428,0.9997214484679666,1.018278091746856e-05,0.8937053106536776,0.9241769824747057,0.9944,0.564963503649635,0.05394736842105263,0.047307975977241595,0.2894736842105263,0.4166666666666667,0.09090909090909091,1.0,1.0,True,0.14662947803093418,0.997289972899729,0.00011201059009215417,0.7656403547171872,10.165946807221763,0.9952,0.5815085158150851,0.10695488721804511,0.0547887472342219,0.34210526315789475,0.5,0.13636363636363635,1.0,1.0,True,0.16090122070489368,0.9722039833661633,0.0012932131765185071,0.6354742536027508,117.37047677428764,0.996,0.5927007299270073,0.13533834586466165,0.06632599304604363,0.6842105263157895,0.75,0.5909090909090909,1.0,1.0,True,0.16032165755062122,0.9748898678414097,0.001160837024591416,0.641091653921387,105.35617600211647,0.996,0.591727493917275,0.13421052631578947,0.06590454114424191,0.6842105263157895,0.75,0.5909090909090909,1.0,1.0,True,0.1951678922012533,0.820341047503045,0.012015681482612901,0.46879008616842954,1090.5288393201529,0.9976,0.6053527980535279,0.18703007518796994,0.10020018965335581,0.8421052631578947,0.8333333333333334,0.8181818181818182,1.0,1.0,HistGB,fleet,150000,75000,99.35,C_feature_ablation,CTT_Forester,FS-A,0
125812,27607,0.2194305789590818,0.5975929207206105,0.414887496197453,98229,0.039665574882341466,True,0.1301481508313109,1.0,0.0,0.8943847417831421,0.0,0.9944,0.570316301703163,0.04266917293233083,0.050100094826677904,0.3157894736842105,0.5,0.09090909090909091,1.0,1.0,True,0.1384431484768356,0.9992156862745099,3.054834275240568e-05,0.8559336066246033,2.772530947424117,0.9952,0.5824817518248175,0.07443609022556391,0.05189126540933516,0.3684210526315789,0.5,0.18181818181818182,1.0,1.0,True,0.1487666171623139,0.9771591720199857,0.0009775469680769818,0.7900366187095642,88.72099031757175,0.9952,0.5902676399026764,0.11203007518796992,0.05552628806237488,0.6052631578947368,0.5833333333333334,0.5454545454545454,1.0,1.0,True,0.14822327670518345,0.9794159885112494,0.0008757191589022962,0.7925319075584412,79.4792204928247,0.9952,0.5897810218978102,0.11015037593984962,0.05531556211147403,0.6052631578947368,0.5833333333333334,0.5454545454545454,1.0,1.0,True,0.16720397000760676,0.8263515932688865,0.009877297489944504,0.6969585418701172,896.4516730004646,0.9952,0.6004866180048661,0.16165413533834586,0.06732694131282267,0.7894736842105263,0.8333333333333334,0.7272727272727273,1.0,1.0,XGBoost,fleet,150000,75000,29.59,C_feature_ablation,CTT_Forester,FS-A,0
125812,27607,0.2194305789590818,0.6174148791099434,0.44426333182235833,98229,0.039665574882341466,True,0.13478465606549064,1.0,0.0,0.9748292807455663,0.0,0.9944,0.5776155717761557,0.07142857142857142,0.04799283531766937,0.3157894736842105,0.4166666666666667,0.13636363636363635,1.0,1.0,True,0.14235519976817473,0.9987293519695044,5.09139045873428e-05,0.9592795537219093,4.620884912373529,0.9944,0.5834549878345499,0.10300751879699248,0.04952059846170056,0.5,0.5833333333333334,0.36363636363636365,1.0,1.0,True,0.15717028289926468,0.975275342773657,0.0011201059009215417,0.9180943280054756,101.65946807221763,0.9952,0.591727493917275,0.14530075187969924,0.05826572542408598,0.7894736842105263,0.8333333333333334,0.7272727272727273,1.0,1.0,True,0.1566993878364183,0.976303317535545,0.0010691919963341989,0.9196096599068041,97.03858315984411,0.9952,0.5912408759124088,0.1443609022556391,0.05789695501000948,0.7894736842105263,0.8333333333333334,0.7272727272727273,1.0,1.0,True,0.18346796102437787,0.8285620808113856,0.010671554401507051,0.8589261007366024,968.5374776334916,0.9976,0.6,0.19454887218045114,0.0816563059740807,0.8947368421052632,0.9166666666666666,0.8636363636363636,1.0,1.0,LightGBM,fleet,150000,75000,51.3,C_feature_ablation,CTT_Forester,FS-A,0
