n_windows,n_pos,pos_rate,roc_auc,pr_auc,n_calib,win_seconds,resolvable@fa1,recall@fa1,precision@fa1,fpr@fa1,thr@fa1,fa_per_hour@fa1,recall[dos]@fa1,recall[fuzzing]@fa1,recall[spoofing]@fa1,recall[timing]@fa1,event_recall@fa1,event_recall[dos]@fa1,event_recall[spoofing]@fa1,event_recall[timing]@fa1,event_recall[fuzzing]@fa1,resolvable@fa10,recall@fa10,precision@fa10,fpr@fa10,thr@fa10,fa_per_hour@fa10,recall[dos]@fa10,recall[fuzzing]@fa10,recall[spoofing]@fa10,recall[timing]@fa10,event_recall@fa10,event_recall[dos]@fa10,event_recall[spoofing]@fa10,event_recall[timing]@fa10,event_recall[fuzzing]@fa10,resolvable@fa100,recall@fa100,precision@fa100,fpr@fa100,thr@fa100,fa_per_hour@fa100,recall[dos]@fa100,recall[fuzzing]@fa100,recall[spoofing]@fa100,recall[timing]@fa100,event_recall@fa100,event_recall[dos]@fa100,event_recall[spoofing]@fa100,event_recall[timing]@fa100,event_recall[fuzzing]@fa100,resolvable@fpr0.001,recall@fpr0.001,precision@fpr0.001,fpr@fpr0.001,thr@fpr0.001,fa_per_hour@fpr0.001,recall[dos]@fpr0.001,recall[fuzzing]@fpr0.001,recall[spoofing]@fpr0.001,recall[timing]@fpr0.001,event_recall@fpr0.001,event_recall[dos]@fpr0.001,event_recall[spoofing]@fpr0.001,event_recall[timing]@fpr0.001,event_recall[fuzzing]@fpr0.001,resolvable@fpr0.01,recall@fpr0.01,precision@fpr0.01,fpr@fpr0.01,thr@fpr0.01,fa_per_hour@fpr0.01,recall[dos]@fpr0.01,recall[fuzzing]@fpr0.01,recall[spoofing]@fpr0.01,recall[timing]@fpr0.01,event_recall@fpr0.01,event_recall[dos]@fpr0.01,event_recall[spoofing]@fpr0.01,event_recall[timing]@fpr0.01,event_recall[fuzzing]@fpr0.01,model,scope,n_train,n_train_pos,fit_s,control,test_domain,feature_set,seed,eval_set,matched_n,matched_pos
98401,12610,0.12814910417577058,0.7653662741473661,0.5704383000364642,85805,0.04424300176620483,True,0.195796986518636,1.0,0.0,0.999169111251831,0.0,0.3111259160559627,0.004625346901017576,0.5113137453562986,0.002452619843924192,0.6071428571428571,1.0,0.6428571428571429,0.375,0.5,True,0.23766851704996034,0.9970059880239521,0.00010490610903241599,0.9984645843505859,8.53608429446973,0.44103930712858097,0.012025901942645698,0.547450185748058,0.005797101449275362,0.7142857142857143,1.0,0.7142857142857143,0.625,0.5,True,0.3009516256938937,0.9681122448979592,0.0014570292921168887,0.9966360330581665,118.55672631207958,0.6369087275149901,0.037927844588344126,0.5808848362039851,0.018060200668896322,0.7857142857142857,1.0,0.8571428571428571,0.625,0.5,True,0.29611419508326725,0.9706264621783207,0.0013171544800736673,0.9967966675758362,107.17528058611992,0.6235842771485676,0.036077705827937095,0.5771698750422155,0.016722408026755852,0.7857142857142857,1.0,0.8571428571428571,0.625,0.5,True,0.3751784298176051,0.8454253037884203,0.01008264270144887,0.9924403429031372,820.4125460795907,0.8161225849433711,0.08649398704902868,0.6349206349206349,0.04771460423634337,0.9285714285714286,1.0,0.9285714285714286,0.875,1.0,LogReg,fleet,92116,6311,3.01,A_volume_matched,CTT_Impala,FS-A,0,cross,92116,6311
49186,6299,0.12806489651526856,0.7577620411137915,0.5631826703397145,42904,0.04424300176620483,False,0.21177964756310524,0.9992509363295881,2.331708909459743e-05,0.9988920092582704,1.897283579087298,0.3626666666666667,0.0064754856614246065,0.5284167794316644,0.0008928571428571428,0.5357142857142857,1.0,0.5714285714285714,0.25,0.5,True,0.22448007620257185,0.998587570621469,4.663417818919486e-05,0.998604953289032,3.794567158174596,0.4026666666666667,0.011100832562442183,0.5385656292286874,0.0008928571428571428,0.5714285714285714,1.0,0.6428571428571429,0.25,0.5,True,0.2870296872519448,0.9730893433799784,0.0011658544547298716,0.9968811273574829,94.8641789543649,0.6013333333333334,0.04070305272895467,0.5717185385656293,0.007589285714285714,0.7142857142857143,1.0,0.7857142857142857,0.5,0.5,True,0.28067947293221146,0.9767955801104973,0.000979317741973092,0.9970787763595581,79.68591032166651,0.5846666666666667,0.034227567067530065,0.5683355886332883,0.00625,0.7142857142857143,1.0,0.7857142857142857,0.5,0.5,True,0.36275599301476424,0.8642208774583964,0.008370834984960478,0.992749810218811,681.12480489234,0.7986666666666666,0.09805735430157261,0.6224627875507442,0.027232142857142858,0.7857142857142857,1.0,0.7857142857142857,0.75,0.5,LogReg,fleet,92116,6311,2.99,A_volume_matched,CTT_Impala,FS-A,0,in_f0,92116,6311
98401,12610,0.12814910417577058,0.6173183153337873,0.40747700724947755,85805,0.04424300176620483,True,0.23180015860428232,0.9996580027359782,1.165623433693511e-05,0.7089398719833613,0.9484538104966366,0.9613590939373751,0.0013876040703052729,0.010807159743329957,0.0004459308807134894,0.39285714285714285,1.0,0.35714285714285715,0.125,0.5,True,0.2429024583663759,0.9960975609756098,0.0001398748120432213,0.6856522242801552,11.381445725959637,0.9810126582278481,0.004625346901017576,0.03275920297196893,0.002452619843924192,0.6785714285714286,1.0,0.7142857142857143,0.5,0.5,True,0.2625693893735131,0.9681286549707603,0.001270529542725927,0.6529455229419362,103.38146534413337,0.988674217188541,0.02682701202590194,0.0729483282674772,0.015384615384615385,0.7857142857142857,1.0,0.7857142857142857,0.625,1.0,True,0.2610626486915147,0.9708050722500737,0.0011539671993565758,0.6548853908280141,93.89692723916703,0.9883411059293804,0.024514338575393153,0.06990881458966565,0.014492753623188406,0.7857142857142857,1.0,0.7857142857142857,0.625,1.0,True,0.2808088818398097,0.8172167089776137,0.009231737594852607,0.6309922296399598,751.1754179133362,0.9926715522984677,0.060129509713228495,0.09793988517392772,0.031438127090301006,0.8928571428571429,1.0,0.8571428571428571,0.875,1.0,RandomForest,fleet,92116,6311,82.26,A_volume_matched,CTT_Impala,FS-A,0,cross,92116,6311
49186,6299,0.12806489651526856,0.6241111794196406,0.4093379017063615,42904,0.04424300176620483,False,0.22702016193046515,1.0,0.0,0.7176858048934086,0.0,0.9453333333333334,0.0,0.008119079837618403,0.0,0.25,1.0,0.21428571428571427,0.0,0.0,True,0.2390855691379584,0.9993364299933643,2.331708909459743e-05,0.6943640029647341,1.897283579087298,0.972,0.0037002775208140612,0.02774018944519621,0.0013392857142857143,0.4642857142857143,1.0,0.42857142857142855,0.25,0.5,True,0.2590887442451183,0.9731663685152058,0.0010492690092568843,0.6554329138782081,85.3777610589284,0.988,0.02682701202590194,0.06765899864682003,0.009375,0.6785714285714286,1.0,0.7142857142857143,0.5,0.5,True,0.2571836799491983,0.9806295399515739,0.0007461468510271177,0.65895301432072,60.713074530793534,0.9873333333333333,0.02127659574468085,0.06427604871447902,0.009375,0.6785714285714286,1.0,0.7142857142857143,0.5,0.5,True,0.2760755675504048,0.8316594930655189,0.008207615361298295,0.6311520535674573,667.8438198387288,0.9926666666666667,0.06845513413506013,0.09201623815967523,0.017857142857142856,0.8214285714285714,1.0,0.8571428571428571,0.75,0.5,RandomForest,fleet,92116,6311,79.04,A_volume_matched,CTT_Impala,FS-A,0,in_f0,92116,6311
98401,12610,0.12814910417577058,0.6545222320762543,0.4193075580737918,85805,0.04424300176620483,True,0.14060269627279937,0.9994363021420518,1.165623433693511e-05,0.9987141371581414,0.9484538104966366,0.5143237841439041,0.01757631822386679,0.05606214116852415,0.005574136008918618,0.7142857142857143,1.0,0.7857142857142857,0.375,1.0,True,0.1711340206185567,0.9958467928011075,0.00010490610903241599,0.9983962146107672,8.53608429446973,0.6169220519653564,0.025901942645698426,0.07024653833164471,0.009364548494983277,0.75,1.0,0.7857142857142857,0.5,1.0,True,0.21808088818398097,0.960195530726257,0.0013288107144106024,0.9977574123588754,108.12373439661657,0.760159893404397,0.05180388529139685,0.09523809523809523,0.01649944258639911,0.8928571428571429,1.0,0.9285714285714286,0.75,1.0,True,0.21300555114988104,0.9686260367832672,0.0010140923873133546,0.9978349264249278,82.51548151320739,0.7465023317788141,0.04810360777058279,0.09253630530226276,0.014938684503901895,0.8571428571428571,1.0,0.9285714285714286,0.625,1.0,True,0.2620142743854084,0.7788778877887789,0.010933547808045133,0.9969482171681867,889.6496742458451,0.8484343770819454,0.10407030527289547,0.12698412698412698,0.034782608695652174,0.9642857142857143,1.0,1.0,0.875,1.0,HistGB,fleet,92116,6311,31.15,A_volume_matched,CTT_Impala,FS-A,0,cross,92116,6311
49186,6299,0.12806489651526856,0.6578546960963547,0.4185599418745762,42904,0.04424300176620483,False,0.08715669153833942,1.0,0.0,0.999092953655058,0.0,0.328,0.004625346901017576,0.03382949932341001,0.0008928571428571428,0.6071428571428571,1.0,0.7857142857142857,0.125,0.5,True,0.16891570090490554,0.99812382739212,4.663417818919486e-05,0.9984207940252481,3.794567158174596,0.6086666666666667,0.027752081406105456,0.07307171853856563,0.005803571428571429,0.6785714285714286,1.0,0.7857142857142857,0.375,0.5,True,0.21797110652484522,0.9621583742116327,0.0012591228111082612,0.9977844801346826,102.45331327071409,0.7573333333333333,0.056429232192414434,0.09742895805142084,0.014285714285714285,0.8214285714285714,1.0,0.8571428571428571,0.625,1.0,True,0.2133672011430386,0.9718004338394793,0.0009093664746892998,0.99785124600681,73.99405958440462,0.744,0.0545790934320074,0.09472259810554803,0.012946428571428572,0.8214285714285714,1.0,0.8571428571428571,0.625,1.0,True,0.2603587871090649,0.7772511848341233,0.010959031874460793,0.9969741655200027,891.7232821710301,0.842,0.11008325624421832,0.12990527740189445,0.029464285714285714,0.9285714285714286,1.0,0.9285714285714286,0.875,1.0,HistGB,fleet,92116,6311,29.93,A_volume_matched,CTT_Impala,FS-A,0,in_f0,92116,6311
98401,12610,0.12814910417577058,0.659646440715232,0.4053331770531815,85805,0.04424300176620483,True,0.052498017446471056,0.9984917043740573,1.165623433693511e-05,0.9997593760490417,0.9484538104966366,0.17621585609593604,0.03700277520814061,0.002026342451874367,0.010479375696767,0.35714285714285715,1.0,0.21428571428571427,0.25,0.5,True,0.10348929421094369,0.9961832061068703,5.828117168467555e-05,0.9994805455207825,4.7422690524831825,0.35842771485676217,0.06521739130434782,0.007429922323539345,0.01471571906354515,0.5714285714285714,1.0,0.5714285714285714,0.25,1.0,True,0.18842188739095955,0.9424831416104721,0.001690153978855591,0.998595654964447,137.52580252201233,0.6245836109260493,0.1211840888066605,0.04390408645727795,0.024303232998885173,0.7857142857142857,1.0,0.7857142857142857,0.625,1.0,True,0.18398096748612214,0.9547325102880658,0.0012821857770628621,0.998676598072052,104.32991915463002,0.6122584943371085,0.11748381128584644,0.041202296521445456,0.02363433667781494,0.7857142857142857,1.0,0.7857142857142857,0.625,1.0,True,0.24575733544805708,0.7728179551122194,0.010618829480947885,0.9971428513526917,864.0414213624359,0.7774816788807462,0.17067530064754857,0.07970280310705842,0.03567447045707915,0.8214285714285714,1.0,0.8571428571428571,0.625,1.0,XGBoost,fleet,92116,6311,12.78,A_volume_matched,CTT_Impala,FS-A,0,cross,92116,6311
49186,6299,0.12806489651526856,0.6627493895292529,0.4044896756175886,42904,0.04424300176620483,False,0.07540879504683283,0.9958071278825996,4.663417818919486e-05,0.9996660947799684,3.794567158174596,0.26866666666666666,0.0545790934320074,0.0027063599458728013,0.0040178571428571425,0.32142857142857145,1.0,0.21428571428571427,0.125,0.5,True,0.12446420066677251,0.9924050632911392,0.00013990253456758458,0.9993537068367004,11.383701474523786,0.43933333333333335,0.0851063829787234,0.012855209742895805,0.00625,0.4642857142857143,1.0,0.42857142857142855,0.25,0.5,True,0.18304492776631212,0.9560530679933665,0.001235805722013664,0.998699426651001,100.55602969162679,0.6113333333333333,0.1341350601295097,0.04736129905277402,0.009375,0.6785714285714286,1.0,0.7142857142857143,0.5,0.5,True,0.1785997777424988,0.9631849315068494,0.0010026348310676896,0.998764157295227,81.58319390075383,0.6006666666666667,0.13135985198889916,0.04262516914749662,0.008482142857142856,0.6785714285714286,1.0,0.7142857142857143,0.5,0.5,True,0.24019685664391174,0.782316442605998,0.009816494508825518,0.9972304701805115,798.7563867957525,0.77,0.17761332099907493,0.08389715832205684,0.01875,0.75,1.0,0.7857142857142857,0.625,0.5,XGBoost,fleet,92116,6311,11.72,A_volume_matched,CTT_Impala,FS-A,0,in_f0,92116,6311
98401,12610,0.12814910417577058,0.6552401618262467,0.4145638328184975,85805,0.04424300176620483,True,0.07660586835844568,1.0,0.0,0.9992615510851255,0.0,0.3134576948700866,0.004625346901017576,0.003377237419790611,0.0011148272017837235,0.4642857142857143,1.0,0.35714285714285715,0.375,0.5,True,0.13544805709754162,0.9953379953379954,9.324987469548088e-05,0.998740624834975,7.587630483973093,0.5306462358427715,0.024514338575393153,0.014184397163120567,0.004459308807134894,0.6785714285714286,1.0,0.6428571428571429,0.625,0.5,True,0.18350515463917524,0.9706375838926175,0.0008159364035854577,0.99800892464976,66.39176673476456,0.6895403064623584,0.05319148936170213,0.028706518068220197,0.009810479375696768,0.7857142857142857,1.0,0.7857142857142857,0.75,0.5,True,0.17866772402854877,0.976592977893368,0.0006294366541944959,0.998106923703194,51.21650576681837,0.6748834110592938,0.04902867715078631,0.02701789935832489,0.009141583054626532,0.75,1.0,0.7142857142857143,0.75,0.5,True,0.2527359238699445,0.8194908716893803,0.008182676504528447,0.9961856417120923,665.8145749686389,0.8674217188540972,0.11655874190564293,0.06349206349206349,0.03188405797101449,0.9642857142857143,1.0,1.0,0.875,1.0,LightGBM,fleet,92116,6311,17.48,A_volume_matched,CTT_Impala,FS-A,0,cross,92116,6311
49186,6299,0.12806489651526856,0.6586221759184013,0.4116336076378611,42904,0.04424300176620483,False,0.09239561835211939,1.0,0.0,0.9991580423207916,0.0,0.376,0.0064754856614246065,0.006089309878213802,0.0008928571428571428,0.35714285714285715,1.0,0.2857142857142857,0.125,0.5,True,0.1401809811081124,0.9943693693693694,0.00011658544547298715,0.9987367228070752,9.486417895436489,0.546,0.030527289546716005,0.016914749661705007,0.0026785714285714286,0.4642857142857143,1.0,0.42857142857142855,0.25,0.5,True,0.19828544213367202,0.9563552833078101,0.0013290740783920534,0.997816220415782,108.14516400797598,0.734,0.06845513413506013,0.039918809201623814,0.006696428571428571,0.6785714285714286,1.0,0.5714285714285714,0.75,0.5,True,0.1938402921098587,0.9644549763033176,0.0010492690092568843,0.997898630215212,85.3777610589284,0.7226666666666667,0.06475485661424607,0.036535859269282815,0.005803571428571429,0.6428571428571429,1.0,0.5714285714285714,0.625,0.5,True,0.2524210192093983,0.7977922729553437,0.009396786905122764,0.9959818516563146,764.605282372181,0.8746666666666667,0.11748381128584644,0.06765899864682003,0.022767857142857142,0.8571428571428571,1.0,0.7857142857142857,0.875,1.0,LightGBM,fleet,92116,6311,16.54,A_volume_matched,CTT_Impala,FS-A,0,in_f0,92116,6311
98401,12610,0.12814910417577058,0.7723036955411557,0.5926266878654857,85805,0.04424300176620483,True,0.2141157811260904,1.0,0.0,0.9977596998214722,0.0,0.524983344437042,0.0027752081406105457,0.3738601823708207,0.002452619843924192,0.6428571428571429,1.0,0.6428571428571429,0.5,0.5,True,0.28263283108643933,0.9974811083123426,0.00010490610903241599,0.9954872727394104,8.53608429446973,0.7241838774150566,0.012488436632747455,0.45119891928402567,0.006020066889632107,0.6785714285714286,1.0,0.6428571428571429,0.625,0.5,True,0.35170499603489297,0.978164975738862,0.0011539671993565758,0.9905209541320801,93.89692723916703,0.8857428381079281,0.036077705827937095,0.5457615670381628,0.018283166109253065,0.7857142857142857,1.0,0.8571428571428571,0.625,0.5,True,0.34678826328310863,0.9818140996856758,0.0009441549812917439,0.991136908531189,76.82475865022757,0.8747501665556295,0.03283996299722479,0.5400202634245187,0.01716833890746934,0.7857142857142857,1.0,0.8571428571428571,0.625,0.5,True,0.41427438540840605,0.8593518670834018,0.00996608035807952,0.9776401519775391,810.9280079746243,0.9693537641572285,0.09019426456984274,0.6393110435663627,0.0503901895206243,0.9285714285714286,1.0,1.0,0.75,1.0,LogReg,fleet,92116,6311,2.08,A_volume_matched,CTT_Impala,FS-A,1,cross,92116,6311
49186,6299,0.12806489651526856,0.7638188928411624,0.5848637664101018,42904,0.04424300176620483,False,0.246070804889665,0.9993552546744036,2.331708909459743e-05,0.9967721104621888,1.897283579087298,0.6193333333333333,0.0064754856614246065,0.4140730717185386,0.0008928571428571428,0.5714285714285714,1.0,0.6428571428571429,0.25,0.5,True,0.2792506747102715,0.9977311401020987,9.326835637838972e-05,0.9955139756202698,7.589134316349192,0.718,0.012950971322849213,0.4472259810554804,0.003125,0.6071428571428571,1.0,0.6428571428571429,0.375,0.5,True,0.3456104143514844,0.9784269662921349,0.0011192202765406766,0.990497887134552,91.06961179619029,0.8746666666666667,0.03885291396854764,0.5426251691474966,0.009375,0.6785714285714286,1.0,0.7142857142857143,0.5,0.5,True,0.33973646610573105,0.9825528007346189,0.0008860493855947024,0.9911777377128601,72.09677600531732,0.862,0.034227567067530065,0.5345060893098782,0.008928571428571428,0.6785714285714286,1.0,0.7142857142857143,0.5,0.5,True,0.40466740752500396,0.8723477070499658,0.008697274232284842,0.9785274863243103,707.6867749995622,0.9606666666666667,0.0971322849213691,0.6305818673883626,0.03169642857142857,0.8571428571428571,1.0,0.9285714285714286,0.75,0.5,LogReg,fleet,92116,6311,1.82,A_volume_matched,CTT_Impala,FS-A,1,in_f0,92116,6311
98401,12610,0.12814910417577058,0.6167604868741604,0.39525370944736665,85805,0.04424300176620483,True,0.23402061855670103,1.0,0.0,0.6982118770508379,0.0,0.9813457694870087,0.0,0.0013508949679162446,0.0002229654403567447,0.25,1.0,0.14285714285714285,0.125,0.0,True,0.23719270420301347,0.997,0.00010490610903241599,0.6795476428908215,8.53608429446973,0.9900066622251832,0.00046253469010175765,0.005741303613644039,0.0002229654403567447,0.39285714285714285,1.0,0.35714285714285715,0.125,0.5,True,0.2516256938937351,0.956298975286317,0.001690153978855591,0.637956059525849,137.52580252201233,0.9960026648900733,0.006012950971322849,0.050996285038838234,0.00423634336677815,0.7142857142857143,1.0,0.7142857142857143,0.625,0.5,True,0.25027755749405234,0.9624885635864593,0.0014337168234430184,0.6400378426895507,116.65981869108629,0.9960026648900733,0.004625346901017576,0.04728132387706856,0.0035674470457079154,0.7142857142857143,1.0,0.7142857142857143,0.625,0.5,True,0.26455194290245837,0.7720435084471188,0.011481390821881083,0.6174141657120832,934.2270033391869,0.9960026648900733,0.018038852913968548,0.08139142181695373,0.01471571906354515,0.7857142857142857,1.0,0.8571428571428571,0.625,0.5,RandomForest,fleet,92116,6311,88.3,A_volume_matched,CTT_Impala,FS-A,1,cross,92116,6311
49186,6299,0.12806489651526856,0.6241510783313418,0.4011390441198054,42904,0.04424300176620483,False,0.2346404191141451,1.0,0.0,0.6924394206578984,0.0,0.9833333333333333,0.0,0.0020297699594046007,0.0,0.21428571428571427,1.0,0.14285714285714285,0.0,0.0,True,0.23733926020003174,0.9973315543695798,9.326835637838972e-05,0.6795722498774291,7.589134316349192,0.99,0.0,0.006765899864682003,0.0,0.32142857142857145,1.0,0.35714285714285715,0.0,0.0,True,0.25067471027147165,0.9699017199017199,0.0011425373656352741,0.6422138531389885,92.9668953752776,0.996,0.004625346901017576,0.05142083897158322,0.0017857142857142857,0.6071428571428571,1.0,0.6428571428571429,0.375,0.5,True,0.24956342276551832,0.9751861042183623,0.0009326835637838972,0.644104219332399,75.89134316349191,0.996,0.004625346901017576,0.04736129905277402,0.0013392857142857143,0.5357142857142857,1.0,0.5714285714285714,0.25,0.5,True,0.2630576281949516,0.8154527559055118,0.008743908410474037,0.6197533599072697,711.4813421577368,0.996,0.020351526364477335,0.08051420838971583,0.009821428571428571,0.7142857142857143,1.0,0.7142857142857143,0.625,0.5,RandomForest,fleet,92116,6311,91.8,A_volume_matched,CTT_Impala,FS-A,1,in_f0,92116,6311
98401,12610,0.12814910417577058,0.6353115723917181,0.34605629783202446,85805,0.04424300176620483,True,0.035606661379857255,0.9977777777777778,1.165623433693511e-05,0.9992850739191756,0.9484538104966366,0.14057295136575615,0.0027752081406105457,0.006754474839581222,0.0002229654403567447,0.5357142857142857,1.0,0.6428571428571429,0.125,0.5,True,0.06954797779540048,0.9920814479638009,8.159364035854577e-05,0.9990129469393118,6.639176673476457,0.25882744836775484,0.010638297872340425,0.02465383316447146,0.0008918617614269788,0.6071428571428571,1.0,0.7142857142857143,0.25,0.5,True,0.11839809674861221,0.931960049937578,0.001270529542725927,0.9986047083734962,103.38146534413337,0.4183877415056629,0.027752081406105456,0.04728132387706856,0.008249721293199555,0.7857142857142857,1.0,0.8571428571428571,0.625,0.5,True,0.11324345757335448,0.9413315754779169,0.0010374048559872247,0.9986461741932064,84.41238913420065,0.40206528980679546,0.026364477335800184,0.04491725768321513,0.0069119286510590855,0.7857142857142857,1.0,0.8571428571428571,0.625,0.5,True,0.18112609040444091,0.7225561531161026,0.010222517513492091,0.9979814553831488,831.7939918055503,0.5969353764157228,0.0753931544865865,0.07092198581560284,0.02653288740245262,0.8928571428571429,1.0,0.8571428571428571,0.875,1.0,HistGB,fleet,92116,6311,41.75,A_volume_matched,CTT_Impala,FS-A,1,cross,92116,6311
49186,6299,0.12806489651526856,0.6445390983108037,0.3519772853926205,42904,0.04424300176620483,False,0.04730909668201302,0.9966555183946488,2.331708909459743e-05,0.9991969267169517,1.897283579087298,0.17533333333333334,0.0037002775208140612,0.02029769959404601,0.0004464285714285714,0.5357142857142857,1.0,0.6428571428571429,0.125,0.5,True,0.07207493252897285,0.9934354485776805,6.995126728379229e-05,0.9989884625961236,5.691850737261893,0.262,0.010175763182238668,0.031799729364005415,0.0013392857142857143,0.6071428571428571,1.0,0.7142857142857143,0.25,0.5,True,0.11224003810128592,0.9515477792732167,0.0008394152074055075,0.9986471385323403,68.30220884714272,0.38866666666666666,0.02312673450508788,0.05074424898511502,0.010714285714285714,0.7857142857142857,1.0,0.8571428571428571,0.625,0.5,True,0.10541355770757263,0.9595375722543352,0.0006528784946487281,0.998690772861974,53.123940214444346,0.36866666666666664,0.02127659574468085,0.04736129905277402,0.008035714285714285,0.7857142857142857,1.0,0.8571428571428571,0.625,0.5,True,0.17875853310049214,0.7461895294897283,0.008930445123230817,0.9980085997118715,726.6596107904352,0.5833333333333334,0.06845513413506013,0.07645466847090664,0.02857142857142857,0.8571428571428571,1.0,0.8571428571428571,0.75,1.0,HistGB,fleet,92116,6311,26.89,A_volume_matched,CTT_Impala,FS-A,1,in_f0,92116,6311
98401,12610,0.12814910417577058,0.6217594792708108,0.3540440737674019,85805,0.04424300176620483,True,0.022997620935765267,0.9897610921501706,3.4968703010805326e-05,0.9998750686645508,2.845361431489909,0.0816122584943371,0.01156336725254394,0.0006754474839581223,0.004013377926421404,0.2857142857142857,1.0,0.07142857142857142,0.25,0.5,True,0.057018239492466295,0.9782312925170068,0.00018649974939096177,0.9997072815895081,15.175260967946185,0.18221185876082613,0.04070305272895467,0.007767646065518406,0.013600891861761426,0.4642857142857143,1.0,0.35714285714285715,0.25,1.0,True,0.15241871530531326,0.9357351509250244,0.0015386229324754344,0.9990750551223755,125.19590298555603,0.49067288474350435,0.09759481961147086,0.0486322188449848,0.020958751393534,0.8214285714285714,1.0,0.8571428571428571,0.625,1.0,True,0.14607454401268835,0.9412365866121615,0.0013404669487475376,0.9991313815116882,109.0721882071132,0.4700199866755496,0.0938945420906568,0.04559270516717325,0.02073578595317726,0.8214285714285714,1.0,0.8571428571428571,0.625,1.0,True,0.20753370340999208,0.7477142857142857,0.010292454919513703,0.9983782768249512,837.4847146685302,0.6359093937375083,0.14893617021276595,0.08206686930091185,0.03188405797101449,0.8214285714285714,1.0,0.8571428571428571,0.625,1.0,XGBoost,fleet,92116,6311,21.16,A_volume_matched,CTT_Impala,FS-A,1,cross,92116,6311
49186,6299,0.12806489651526856,0.628893999687494,0.3543707002147009,42904,0.04424300176620483,False,0.011271630417526591,1.0,0.0,0.9999250173568727,0.0,0.04466666666666667,0.0027752081406105457,0.0,0.0004464285714285714,0.17857142857142858,0.75,0.0,0.125,0.5,True,0.026829655500873153,0.9883040935672515,4.663417818919486e-05,0.9998461008071899,3.794567158174596,0.09533333333333334,0.01757631822386679,0.0013531799729364006,0.002232142857142857,0.25,1.0,0.07142857142857142,0.125,0.5,True,0.1343070328623591,0.950561797752809,0.0010259519201622869,0.9992103576660156,83.4804774798411,0.44266666666666665,0.09343200740055504,0.04533152909336942,0.00625,0.6428571428571429,1.0,0.7142857142857143,0.375,0.5,True,0.12335291316081917,0.9652173913043478,0.0006528784946487281,0.9993023872375488,53.123940214444346,0.41133333333333333,0.08140610545790934,0.04059539918809202,0.005357142857142857,0.6428571428571429,1.0,0.7142857142857143,0.375,0.5,True,0.201619304651532,0.7623049219687875,0.009233567281460582,0.9984116554260254,751.32429731857,0.6293333333333333,0.14153561517113783,0.08863328822733424,0.01875,0.7857142857142857,1.0,0.8571428571428571,0.625,0.5,XGBoost,fleet,92116,6311,22.44,A_volume_matched,CTT_Impala,FS-A,1,in_f0,92116,6311
98401,12610,0.12814910417577058,0.6249683352062342,0.3462686765471182,85805,0.04424300176620483,True,0.027835051546391754,1.0,0.0,0.999676319920429,0.0,0.1145902731512325,0.0027752081406105457,0.00033772374197906115,0.0,0.17857142857142858,0.75,0.07142857142857142,0.0,0.5,True,0.07795400475812847,0.9859578736208626,0.00016318728071709155,0.9992306900164071,13.278353346952914,0.28747501665556296,0.04394079555966698,0.004728132387706856,0.002452619843924192,0.5714285714285714,1.0,0.5,0.5,0.5,True,0.12735923869944488,0.9267166762839008,0.001480341760790759,0.9987526574632803,120.45363393307284,0.4183877415056629,0.1059204440333025,0.02093887200270179,0.013154960981047938,0.75,1.0,0.7142857142857143,0.625,1.0,True,0.12331482950039652,0.9322541966426858,0.0013171544800736673,0.9987909236451512,107.17528058611992,0.40806129247168554,0.09944495837187789,0.019587977034785545,0.012709030100334449,0.75,1.0,0.7142857142857143,0.625,1.0,True,0.20111022997620936,0.6806226516371444,0.01387091886095278,0.9978982481418697,1128.6600344909975,0.5812791472351766,0.1845513413506013,0.05268490374873354,0.05261984392419175,0.8928571428571429,1.0,0.9285714285714286,0.75,1.0,LightGBM,fleet,92116,6311,41.38,A_volume_matched,CTT_Impala,FS-A,1,cross,92116,6311
49186,6299,0.12806489651526856,0.6354175152457726,0.36077652459203297,42904,0.04424300176620483,False,0.0354024448325131,1.0,0.0,0.999616155417578,0.0,0.144,0.0064754856614246065,0.0,0.0,0.17857142857142858,1.0,0.0,0.0,0.5,True,0.07191617717097952,0.993421052631579,6.995126728379229e-05,0.9993188624630612,5.691850737261893,0.27266666666666667,0.032377428307123035,0.0033829499323410014,0.0017857142857142857,0.42857142857142855,1.0,0.2857142857142857,0.375,0.5,True,0.12113033814891253,0.9490049751243781,0.0009560006528784947,0.9988447068645302,77.78862674257921,0.4086666666666667,0.09528214616096208,0.016238159675236806,0.010267857142857143,0.6785714285714286,1.0,0.6428571428571429,0.625,0.5,True,0.11668518812509922,0.9595300261096605,0.0007228297619325204,0.9988950145742124,58.815790951706234,0.396,0.09158186864014801,0.014884979702300407,0.008928571428571428,0.6428571428571429,1.0,0.5714285714285714,0.625,0.5,True,0.19288775996189872,0.7670454545454546,0.008604005875906451,0.9981190952996389,700.097640683213,0.5673333333333334,0.1692876965772433,0.044654939106901215,0.05133928571428571,0.8214285714285714,1.0,0.8571428571428571,0.75,0.5,LightGBM,fleet,92116,6311,37.73,A_volume_matched,CTT_Impala,FS-A,1,in_f0,92116,6311
98401,12610,0.12814910417577058,0.7734441166432807,0.5921272814645311,85805,0.04424300176620483,True,0.2393338620142744,1.0,0.0,0.995868980884552,0.0,0.5436375749500333,0.009250693802035153,0.4569402228976697,0.002898550724637681,0.6071428571428571,1.0,0.6428571428571429,0.375,0.5,True,0.30340999206978586,0.9976531942633637,0.00010490610903241599,0.9916117191314697,8.53608429446973,0.7315123251165889,0.024051803885291396,0.5180682201958797,0.009810479375696768,0.6785714285714286,1.0,0.6428571428571429,0.625,0.5,True,0.3642347343378271,0.9764030612244898,0.0012938420113997972,0.9815599918365479,105.27837296512666,0.8894070619586942,0.0633672525439408,0.5646740965889903,0.025418060200668897,0.8214285714285714,1.0,0.8571428571428571,0.625,1.0,True,0.36019032513877874,0.9814174589455489,0.0010024361529764195,0.9827212691307068,81.56702770271076,0.8800799467021986,0.060129509713228495,0.5623100303951368,0.023411371237458192,0.8214285714285714,1.0,0.8571428571428571,0.625,1.0,True,0.4134020618556701,0.8616528925619835,0.009756268140014688,0.9584006667137146,793.8558393856849,0.9693537641572285,0.10962072155411656,0.6190476190476191,0.051950947603121515,0.9642857142857143,1.0,1.0,0.875,1.0,LogReg,fleet,92116,6311,3.37,A_volume_matched,CTT_Impala,FS-A,2,cross,92116,6311
49186,6299,0.12806489651526856,0.7651043107693343,0.5837485263877802,42904,0.04424300176620483,False,0.2590887442451183,0.9993876301285977,2.331708909459743e-05,0.9945654869079591,1.897283579087298,0.606,0.012950971322849213,0.4790257104194858,0.0004464285714285714,0.5,1.0,0.5714285714285714,0.125,0.5,True,0.2975075408795047,0.9978700745473909,9.326835637838972e-05,0.991690993309021,7.589134316349192,0.7206666666666667,0.025901942645698426,0.5142083897158322,0.002232142857142857,0.6071428571428571,1.0,0.6428571428571429,0.375,0.5,True,0.35529449118907763,0.9764397905759162,0.0012591228111082612,0.9817850589752197,102.45331327071409,0.8766666666666667,0.06938020351526364,0.5581867388362652,0.010267857142857143,0.75,1.0,0.7857142857142857,0.625,0.5,True,0.3524368947451976,0.980565371024735,0.0010259519201622869,0.9827216267585754,83.4804774798411,0.8693333333333333,0.0666049953746531,0.5554803788903924,0.010267857142857143,0.75,1.0,0.7857142857142857,0.625,0.5,True,0.4038736307350373,0.8727272727272727,0.008650640054095647,0.9591656923294067,703.8922078413876,0.9613333333333334,0.1211840888066605,0.6123139377537212,0.029464285714285714,0.8571428571428571,1.0,0.9285714285714286,0.75,0.5,LogReg,fleet,92116,6311,3.36,A_volume_matched,CTT_Impala,FS-A,2,in_f0,92116,6311
98401,12610,0.12814910417577058,0.6118101520920431,0.38958996946577074,85805,0.04424300176620483,True,0.15574940523394132,1.0,0.0,0.7959729859731336,0.0,0.654230512991339,0.0,0.0,0.0,0.14285714285714285,1.0,0.0,0.0,0.0,True,0.23267248215701825,0.9945762711864407,0.00018649974939096177,0.7171460313752712,15.175260967946185,0.9613590939373751,0.0018501387604070306,0.014522120905099628,0.0002229654403567447,0.39285714285714285,1.0,0.35714285714285715,0.125,0.5,True,0.24877081681205393,0.9625652040503222,0.0014220605891060833,0.6800436888780138,115.71136488058964,0.988674217188541,0.01341350601295097,0.03985140155352921,0.004905239687848384,0.5714285714285714,1.0,0.5,0.5,0.5,True,0.24805709754163363,0.9681213246672856,0.0012005921367043164,0.6823744656025273,97.69074248115356,0.9880079946702198,0.01156336725254394,0.03883823032759203,0.004905239687848384,0.5714285714285714,1.0,0.5,0.5,0.5,True,0.2625693893735131,0.7853415559772297,0.010548892074926274,0.6593681802106234,858.350698499456,0.9936708860759493,0.030989824236817762,0.05639986491050321,0.020958751393534,0.6785714285714286,1.0,0.5714285714285714,0.75,0.5,RandomForest,fleet,92116,6311,81.42,A_volume_matched,CTT_Impala,FS-A,2,cross,92116,6311
49186,6299,0.12806489651526856,0.619511251528266,0.39189381583331534,42904,0.04424300176620483,False,0.1751071598666455,1.0,0.0,0.7821426758534815,0.0,0.7353333333333333,0.0,0.0,0.0,0.14285714285714285,1.0,0.0,0.0,0.0,True,0.2189236386728052,0.9978292329956585,6.995126728379229e-05,0.7383081517483472,5.691850737261893,0.9113333333333333,0.0,0.008119079837618403,0.0,0.25,1.0,0.21428571428571427,0.0,0.0,True,0.24702333703762502,0.9694704049844237,0.0011425373656352741,0.6824680370292484,92.9668953752776,0.986,0.011100832562442183,0.04059539918809202,0.002232142857142857,0.5,1.0,0.42857142857142855,0.375,0.5,True,0.24480076202571838,0.9765674477517416,0.0008627322965001049,0.687268922943902,70.19949242623002,0.984,0.0074005550416281225,0.03721244925575101,0.0013392857142857143,0.4642857142857143,1.0,0.42857142857142855,0.25,0.5,True,0.2595650103190983,0.7883317261330762,0.010236202112528271,0.6597236556211376,832.9074912193237,0.9933333333333333,0.032377428307123035,0.058186738836265225,0.010714285714285714,0.6785714285714286,1.0,0.5714285714285714,0.75,0.5,RandomForest,fleet,92116,6311,83.68,A_volume_matched,CTT_Impala,FS-A,2,in_f0,92116,6311
98401,12610,0.12814910417577058,0.6408663240584187,0.3963572281632892,85805,0.04424300176620483,True,0.03695479777954005,1.0,0.0,0.9995580390322619,0.0,0.1485676215856096,0.0027752081406105457,0.004052684903748734,0.0004459308807134894,0.35714285714285715,1.0,0.2857142857142857,0.125,0.5,True,0.10111022997620936,0.9953161592505855,6.993740602161065e-05,0.999173029376926,5.690722862979818,0.3737508327781479,0.026364477335800184,0.02701789935832489,0.0035674470457079154,0.7142857142857143,1.0,0.7857142857142857,0.5,0.5,True,0.16724821570182394,0.9638939670932358,0.0009208425126178737,0.9987459453077485,74.92785102923429,0.5799467021985343,0.061979648473635525,0.05572441742654509,0.015384615384615385,0.8214285714285714,1.0,0.8571428571428571,0.625,1.0,True,0.16177636796193498,0.967741935483871,0.0007926239349115875,0.9987810054109071,64.49485911377128,0.564290473017988,0.05874190564292322,0.05336035123269166,0.013600891861761426,0.8214285714285714,1.0,0.8571428571428571,0.625,1.0,True,0.23267248215701825,0.7921166306695464,0.008975300439440035,0.9981747402588341,730.3094340824102,0.7451698867421719,0.11702127659574468,0.0878081729145559,0.041025641025641026,0.8928571428571429,1.0,0.9285714285714286,0.75,1.0,HistGB,fleet,92116,6311,42.96,A_volume_matched,CTT_Impala,FS-A,2,cross,92116,6311
49186,6299,0.12806489651526856,0.6421769243047812,0.39394870438280727,42904,0.04424300176620483,False,0.062232100333386255,1.0,0.0,0.9994137315392185,0.0,0.23933333333333334,0.0064754856614246065,0.015561569688768605,0.0013392857142857143,0.4642857142857143,1.0,0.42857142857142855,0.25,0.5,True,0.10049214160977933,0.998422712933754,2.331708909459743e-05,0.9991808493571968,1.897283579087298,0.37466666666666665,0.024051803885291396,0.02571041948579161,0.003125,0.5714285714285714,1.0,0.5714285714285714,0.375,0.5,True,0.1697094776948722,0.9587443946188341,0.0010725860983514818,0.9987127573066688,87.27504463801571,0.5946666666666667,0.061979648473635525,0.05886332882273342,0.010267857142857143,0.75,1.0,0.7142857142857143,0.625,1.0,True,0.16066042228925226,0.9721421709894332,0.0006761955837433255,0.9987732224021899,55.02122379353164,0.5706666666666667,0.05365402405180388,0.05345060893098782,0.008482142857142856,0.6785714285714286,1.0,0.7142857142857143,0.375,1.0,True,0.23400539768217177,0.7761979989468141,0.009909762865203908,0.9981381023194356,806.3455211121016,0.7486666666666667,0.12950971322849214,0.09675236806495263,0.030357142857142857,0.8571428571428571,1.0,0.8571428571428571,0.75,1.0,HistGB,fleet,92116,6311,47.1,A_volume_matched,CTT_Impala,FS-A,2,in_f0,92116,6311
98401,12610,0.12814910417577058,0.5735078890013316,0.18591080616401473,85805,0.04424300176620483,True,0.006502775574940524,1.0,0.0,0.9999949932098389,0.0,0.00033311125916055963,0.021739130434782608,0.0,0.00758082497212932,0.14285714285714285,0.25,0.0,0.25,0.5,True,0.012767644726407613,0.9583333333333334,8.159364035854577e-05,0.9999785423278809,6.639176673476457,0.003997335109926716,0.04301572617946346,0.0010131712259371835,0.01181716833890747,0.21428571428571427,0.5,0.07142857142857142,0.25,0.5,True,0.022125297383029343,0.7227979274611399,0.0012472170740520567,0.9999549388885498,101.48455772314011,0.021652231845436375,0.06429232192414432,0.0037149611617696724,0.014269788182831662,0.4642857142857143,0.75,0.2857142857142857,0.5,1.0,True,0.02125297383029342,0.7768115942028986,0.0008975300439440035,0.999957799911499,73.03094340824101,0.019986675549633577,0.061979648473635525,0.003377237419790611,0.014269788182831662,0.42857142857142855,0.75,0.21428571428571427,0.5,1.0,True,0.04353687549563838,0.4072700296735905,0.009313331235211152,0.9999161958694458,757.8145945868125,0.07161892071952032,0.09343200740055504,0.009793988517392773,0.022965440356744703,0.6428571428571429,1.0,0.42857142857142855,0.75,1.0,XGBoost,fleet,92116,6311,17.74,A_volume_matched,CTT_Impala,FS-A,2,cross,92116,6311
49186,6299,0.12806489651526856,0.5771003575029108,0.18991150972606644,42904,0.04424300176620483,False,0.006508969677726623,1.0,0.0,0.9999909400939943,0.0,0.0,0.03145235892691952,0.0,0.003125,0.07142857142857142,0.0,0.0,0.125,0.5,True,0.010001587553579933,0.9545454545454546,6.995126728379229e-05,0.9999781847000122,5.691850737261893,0.0033333333333333335,0.045328399629972246,0.0013531799729364006,0.003125,0.17857142857142858,0.5,0.07142857142857142,0.125,0.5,True,0.02032068582314653,0.7901234567901234,0.0007927810292163126,0.9999570846557617,64.50764168896814,0.02,0.0730804810360777,0.0040595399188092015,0.005803571428571429,0.32142857142857145,0.75,0.21428571428571427,0.25,0.5,True,0.018415621527226544,0.8345323741007195,0.0005362930491757409,0.9999607801437378,43.63752231900786,0.016666666666666666,0.06938020351526364,0.0040595399188092015,0.004464285714285714,0.32142857142857145,0.75,0.21428571428571427,0.25,0.5,True,0.044292744880139706,0.4386792452830189,0.008324200806771282,0.999916672706604,677.3302377341653,0.07466666666666667,0.10730804810360776,0.012855209742895805,0.014285714285714285,0.4642857142857143,1.0,0.35714285714285715,0.375,0.5,XGBoost,fleet,92116,6311,16.83,A_volume_matched,CTT_Impala,FS-A,2,in_f0,92116,6311
98401,12610,0.12814910417577058,0.6103319502347012,0.24043976547457996,85805,0.04424300176620483,True,0.009278350515463918,1.0,0.0,0.9997818040416859,0.0,0.034643570952698204,0.004625346901017576,0.0010131712259371835,0.0,0.14285714285714285,0.5,0.07142857142857142,0.0,0.5,True,0.01633624107850912,0.9537037037037037,0.0001165623433693511,0.9997072206589633,9.484538104966365,0.05629580279813458,0.01341350601295097,0.0013508949679162446,0.0008918617614269788,0.2857142857142857,0.75,0.14285714285714285,0.25,0.5,True,0.03338620142743854,0.8080614203454894,0.001165623433693511,0.9995200961081064,94.84538104966366,0.0949367088607595,0.04070305272895467,0.004390408645727794,0.007803790412486065,0.4642857142857143,0.75,0.2857142857142857,0.5,1.0,True,0.031165741475019826,0.81875,0.0010140923873133546,0.9995381155536313,82.51548151320739,0.09027315123251166,0.03746530989824237,0.0037149611617696724,0.006688963210702341,0.4642857142857143,0.75,0.2857142857142857,0.5,1.0,True,0.07422680412371134,0.5515615792575133,0.008870394330407618,0.9991200948897342,721.7733497879404,0.1782145236508994,0.09111933395004625,0.019250253292806486,0.03277591973244147,0.8214285714285714,1.0,0.6428571428571429,1.0,1.0,LightGBM,fleet,92116,6311,38.81,A_volume_matched,CTT_Impala,FS-A,2,cross,92116,6311
49186,6299,0.12806489651526856,0.6144991064490934,0.24513482168257703,42904,0.04424300176620483,False,0.010001587553579933,0.9545454545454546,6.995126728379229e-05,0.9997684921349244,5.691850737261893,0.036,0.0074005550416281225,0.0006765899864682003,0.0,0.14285714285714285,0.5,0.07142857142857142,0.0,0.5,True,0.016193046515319894,0.9444444444444444,0.00013990253456758458,0.9997036124800311,11.383701474523786,0.05466666666666667,0.01572617946345976,0.0013531799729364006,0.0004464285714285714,0.25,0.75,0.14285714285714285,0.125,0.5,True,0.03063978409271313,0.8212765957446808,0.000979317741973092,0.9995311417160251,79.68591032166651,0.09133333333333334,0.0425531914893617,0.0033829499323410014,0.002232142857142857,0.32142857142857145,0.75,0.21428571428571427,0.25,0.5,True,0.029687251944753135,0.8311111111111111,0.0008860493855947024,0.9995476462199097,72.09677600531732,0.08866666666666667,0.041628122109158186,0.0027063599458728013,0.002232142857142857,0.2857142857142857,0.75,0.14285714285714285,0.25,0.5,True,0.07493252897285284,0.5679903730445247,0.008370834984960478,0.9991087110800008,681.12480489234,0.188,0.10175763182238667,0.02097428958051421,0.021875,0.75,1.0,0.6428571428571429,0.875,0.5,LightGBM,fleet,92116,6311,40.79,A_volume_matched,CTT_Impala,FS-A,2,in_f0,92116,6311
98401,12610,0.12814910417577058,0.9912809324314532,0.9689403652417079,85805,0.04424300176620483,True,0.5988897700237906,1.0,0.0,0.9982920289039612,0.0,0.9980013324450366,0.9176688251618872,0.729483282674772,0.09186176142697881,0.7142857142857143,1.0,0.7857142857142857,0.5,0.5,True,0.7572561459159397,0.9993720565149137,6.993740602161065e-05,0.21952782571315765,5.690722862979818,0.9996668887408394,1.0,0.8939547450185749,0.38773690078037903,1.0,1.0,1.0,1.0,1.0,True,0.838223632038065,0.9909065341708072,0.0011306547306827056,0.09900780022144318,92.00001961817374,0.9996668887408394,1.0,0.9564336372847011,0.5741360089186176,1.0,1.0,1.0,1.0,1.0,True,0.8308485329103886,0.9929864467822955,0.0008625613409331981,0.10363749414682388,70.1855819767511,0.9996668887408394,1.0,0.9520432286389733,0.5562987736900781,1.0,1.0,1.0,1.0,1.0,True,0.9019032513877875,0.9333606893721789,0.009464862281591309,0.06439205259084702,770.1444941232688,1.0,1.0,0.9783856805133401,0.7384615384615385,1.0,1.0,1.0,1.0,1.0,LogReg,fleet,92116,6311,1.79,A_volume_matched,CTT_Impala,FS-B,0,cross,92116,6311
49186,6299,0.12806489651526856,0.9903582485468658,0.9637266733291707,42904,0.04424300176620483,False,0.7745673916494682,0.9981587561374795,0.00020985380185137688,0.15087109804153445,17.07555221178568,1.0,1.0,0.935723951285521,0.40848214285714285,1.0,1.0,1.0,1.0,1.0,True,0.7796475631052548,0.9973598700243704,0.0003031221582297666,0.139776349067688,24.664686528134876,1.0,1.0,0.9397834912043301,0.4200892857142857,1.0,1.0,1.0,1.0,1.0,True,0.8164788061597079,0.9922824618946556,0.0009326835637838972,0.10031864047050476,75.89134316349191,1.0,1.0,0.959404600811908,0.5107142857142857,1.0,1.0,1.0,1.0,1.0,True,0.8117161454199079,0.9932012432012433,0.00081609811831091,0.10328686237335205,66.40492526805542,1.0,1.0,0.9573748308525034,0.4986607142857143,1.0,1.0,1.0,1.0,1.0,True,0.8866486743927607,0.9282034236330398,0.01007298248886609,0.06339340656995773,819.6265061657127,1.0,1.0,0.9824086603518268,0.6928571428571428,1.0,1.0,1.0,1.0,1.0,LogReg,fleet,92116,6311,1.69,A_volume_matched,CTT_Impala,FS-B,0,in_f0,92116,6311
98401,12610,0.12814910417577058,0.9998692440421783,0.9996437788880176,85805,0.04424300176620483,True,0.6841395717684378,1.0,0.0,0.8105943053846547,0.0,0.9983344437041972,0.7432932469935245,0.7946639648767309,0.37235228539576365,0.9642857142857143,1.0,0.9285714285714286,1.0,1.0,True,0.971847739888977,0.9995921696574225,5.828117168467555e-05,0.4085694188215218,4.7422690524831825,1.0,1.0,0.9966227625802094,0.9230769230769231,1.0,1.0,1.0,1.0,1.0,True,0.9992069785884219,0.9922041105598866,0.0011539671993565758,0.211043076771679,93.89692723916703,1.0,1.0,0.9993245525160419,0.9982162764771461,1.0,1.0,1.0,1.0,1.0,True,0.9992069785884219,0.9943181818181818,0.0008392488722593279,0.21622419037543608,68.28867435575783,1.0,1.0,0.9993245525160419,0.9982162764771461,1.0,1.0,1.0,1.0,1.0,True,0.9994448850118953,0.9367474357068529,0.009919455420731778,0.1808719228495527,807.1341927326378,1.0,1.0,0.9993245525160419,0.9988851727982163,1.0,1.0,1.0,1.0,1.0,RandomForest,fleet,92116,6311,87.16,A_volume_matched,CTT_Impala,FS-B,0,cross,92116,6311
49186,6299,0.12806489651526856,0.9999077607197875,0.9997149095175333,42904,0.04424300176620483,False,0.9965073821241467,0.9982506361323156,0.0002564879800405717,0.2711295436542453,20.870119369960275,1.0,1.0,0.9986468200270636,0.9910714285714286,1.0,1.0,1.0,1.0,1.0,True,0.99904746785204,0.9968319341042293,0.0004663417818919486,0.2372121676259928,37.945671581745955,1.0,1.0,0.9993234100135318,0.9977678571428571,1.0,1.0,1.0,1.0,1.0,True,0.9996824892840134,0.9904057879836426,0.0014223424347704432,0.20895887342959982,115.73429832432518,1.0,1.0,0.9993234100135318,0.9995535714285714,1.0,1.0,1.0,1.0,1.0,True,0.99952373392602,0.9911838790931989,0.0013057569892974562,0.21107840007104556,106.24788042888869,1.0,1.0,0.9993234100135318,0.9991071428571429,1.0,1.0,1.0,1.0,1.0,True,0.9996824892840134,0.9309580130100532,0.010889080607177,0.1802533918911084,886.0314314337683,1.0,1.0,0.9993234100135318,0.9995535714285714,1.0,1.0,1.0,1.0,1.0,RandomForest,fleet,92116,6311,95.11,A_volume_matched,CTT_Impala,FS-B,0,in_f0,92116,6311
98401,12610,0.12814910417577058,0.9998187279931381,0.9994024367046771,85805,0.04424300176620483,True,0.7581284694686756,1.0,0.0,0.994677523885634,0.0,0.9993337774816788,1.0,0.7882472137791287,0.46020066889632105,1.0,1.0,1.0,1.0,1.0,True,0.9202220459952418,0.9997415352804342,3.4968703010805326e-05,0.7418679602560231,2.845361431489909,0.9996668887408394,1.0,0.9915569064505235,0.7814938684503902,1.0,1.0,1.0,1.0,1.0,True,0.9912767644726408,0.9935617200540497,0.0009441549812917439,0.2051836629730856,76.82475865022757,1.0,1.0,0.9993245525160419,0.9759197324414716,1.0,1.0,1.0,1.0,1.0,True,0.988659793814433,0.9951309067688378,0.0007110302945530417,0.22870264582145866,57.85568244029482,1.0,1.0,0.9993245525160419,0.968561872909699,1.0,1.0,1.0,1.0,1.0,True,0.998731165741475,0.9325435024065161,0.010618829480947885,0.0688102847431926,864.0414213624359,1.0,1.0,0.9993245525160419,0.9968784838350055,1.0,1.0,1.0,1.0,1.0,HistGB,fleet,92116,6311,30.45,A_volume_matched,CTT_Impala,FS-B,0,cross,92116,6311
49186,6299,0.12806489651526856,0.9998697607867661,0.9992591073236079,42904,0.04424300176620483,False,0.9018891887601207,0.9991206472036581,0.00011658544547298715,0.6837760097225819,9.486417895436489,1.0,1.0,0.9925575101488497,0.7290178571428572,1.0,1.0,1.0,1.0,1.0,True,0.9326877282108271,0.9984704282800816,0.00020985380185137688,0.48817491366325605,17.07555221178568,1.0,1.0,0.9945872801082544,0.8142857142857143,1.0,1.0,1.0,1.0,1.0,True,0.9884108588664867,0.989982509142948,0.0014689766129596382,0.1777452614455339,119.52886548249978,1.0,1.0,0.9993234100135318,0.9678571428571429,1.0,1.0,1.0,1.0,1.0,True,0.9865057945705668,0.9913848117421825,0.0012591228111082612,0.19311803311077688,102.45331327071409,1.0,1.0,0.9993234100135318,0.9625,1.0,1.0,1.0,1.0,1.0,True,0.9982536910620733,0.9347405975917943,0.010236202112528271,0.0704766386385045,832.9074912193237,1.0,1.0,0.9993234100135318,0.9955357142857143,1.0,1.0,1.0,1.0,1.0,HistGB,fleet,92116,6311,24.01,A_volume_matched,CTT_Impala,FS-B,0,in_f0,92116,6311
98401,12610,0.12814910417577058,0.9998009446097685,0.9991197661678702,85805,0.04424300176620483,True,0.7832672482157018,1.0,0.0,0.9789264798164368,0.0,0.9993337774816788,1.0,0.8260722728807836,0.5059085841694537,1.0,1.0,1.0,1.0,1.0,True,0.9339413164155432,0.9995756238329655,5.828117168467555e-05,0.3757641315460205,4.7422690524831825,1.0,1.0,0.994258696386356,0.8180602006688963,1.0,1.0,1.0,1.0,1.0,True,0.9818398096748612,0.9915905814512254,0.0012239046053781864,0.09131699800491333,99.58765010214684,1.0,1.0,0.9986491050320837,0.9498327759197325,1.0,1.0,1.0,1.0,1.0,True,0.9799365582870737,0.992689588688946,0.001060717324661095,0.10055199265480042,86.30929675519393,1.0,1.0,0.9986491050320837,0.9444816053511705,1.0,1.0,1.0,1.0,1.0,True,0.9988897700237906,0.9320014798372179,0.010712079355643367,0.02394537813961506,871.6290518464091,1.0,1.0,0.9993245525160419,0.9973244147157191,1.0,1.0,1.0,1.0,1.0,XGBoost,fleet,92116,6311,14.42,A_volume_matched,CTT_Impala,FS-B,0,cross,92116,6311
49186,6299,0.12806489651526856,0.999763368007561,0.9987467945568976,42904,0.04424300176620483,False,0.8677567867915542,0.9996342355523044,4.663417818919486e-05,0.4503487348556519,3.794567158174596,1.0,1.0,0.989851150202977,0.6348214285714285,1.0,1.0,1.0,1.0,1.0,True,0.8926813779965074,0.9994667614646285,6.995126728379229e-05,0.2947898507118225,5.691850737261893,1.0,1.0,0.9939106901217862,0.7022321428571429,1.0,1.0,1.0,1.0,1.0,True,0.9628512462295602,0.9927975118677361,0.0010259519201622869,0.09743064641952515,83.4804774798411,1.0,1.0,0.9979702300405954,0.896875,1.0,1.0,1.0,1.0,1.0,True,0.9566597872678203,0.994717728623308,0.0007461468510271177,0.11096841841936111,60.713074530793534,1.0,1.0,0.9979702300405954,0.8794642857142857,1.0,1.0,1.0,1.0,1.0,True,0.99714240355612,0.9470747889022919,0.008184298272203698,0.02798268385231495,665.9465362596416,1.0,1.0,0.9993234100135318,0.9924107142857143,1.0,1.0,1.0,1.0,1.0,XGBoost,fleet,92116,6311,12.44,A_volume_matched,CTT_Impala,FS-B,0,in_f0,92116,6311
98401,12610,0.12814910417577058,0.9997406326096272,0.9990961780907267,85805,0.04424300176620483,True,0.7810467882632831,1.0,0.0,0.9889877445691582,0.0,0.9990006662225184,1.0,0.8311381290104695,0.4965440356744705,1.0,1.0,1.0,1.0,1.0,True,0.9210150674068199,1.0,0.0,0.5844921156936154,0.0,0.9996668887408394,1.0,0.9915569064505235,0.7837235228539576,1.0,1.0,1.0,1.0,1.0,True,0.9815226011102299,0.9914290291573213,0.0012472170740520567,0.09532278928047985,101.48455772314011,1.0,1.0,0.9989868287740629,0.9487179487179487,1.0,1.0,1.0,1.0,1.0,True,0.9796986518636003,0.9926878264363198,0.001060717324661095,0.10441011587721052,86.30929675519393,1.0,1.0,0.9989868287740629,0.9435897435897436,1.0,1.0,1.0,1.0,1.0,True,0.9984139571768438,0.9311441461430368,0.010851954167686587,0.017044065358756716,883.0104975723686,1.0,1.0,0.9993245525160419,0.9959866220735786,1.0,1.0,1.0,1.0,1.0,LightGBM,fleet,92116,6311,38.81,A_volume_matched,CTT_Impala,FS-B,0,cross,92116,6311
49186,6299,0.12806489651526856,0.9997481983883979,0.9988378482450403,42904,0.04424300176620483,False,0.8890300047626607,1.0,0.0,0.4461683981739668,0.0,1.0,1.0,0.9939106901217862,0.6919642857142857,1.0,1.0,1.0,1.0,1.0,True,0.9130020638196539,0.9994786235662148,6.995126728379229e-05,0.27559831067219803,5.691850737261893,1.0,1.0,0.9972936400541272,0.7571428571428571,1.0,1.0,1.0,1.0,1.0,True,0.9606286712176536,0.9942490962865593,0.00081609811831091,0.10559798170134477,66.40492526805542,1.0,1.0,0.9986468200270636,0.8901785714285714,1.0,1.0,1.0,1.0,1.0,True,0.954119701539927,0.9953627028817489,0.0006528784946487281,0.12131217811532916,53.123940214444346,1.0,1.0,0.9979702300405954,0.8723214285714286,1.0,1.0,1.0,1.0,1.0,True,0.9968248928401333,0.9472016895459345,0.0081609811831091,0.020640711210244814,664.0492526805542,1.0,1.0,0.9993234100135318,0.9915178571428571,1.0,1.0,1.0,1.0,1.0,LightGBM,fleet,92116,6311,34.53,A_volume_matched,CTT_Impala,FS-B,0,in_f0,92116,6311
98401,12610,0.12814910417577058,0.9997118405091414,0.9991396521015733,85805,0.04424300176620483,True,0.45662172878667723,0.9996527777777777,2.331246867387022e-05,78125.0,1.8969076209932731,0.9996668887408394,0.0,0.7413036136440392,0.1253065774804905,0.75,1.0,0.9285714285714286,0.5,0.0,True,0.6801744647105472,0.9996503496503496,3.4968703010805326e-05,31250.0,2.845361431489909,0.9996668887408394,0.9708603145235892,0.9824383654170888,0.126644370122631,0.8214285714285714,1.0,1.0,0.5,0.5,True,0.999603489294211,0.9689445768314244,0.004709118672121784,8.742394442912458,383.17533944064115,1.0,1.0,0.9989868287740629,0.9995540691192865,1.0,1.0,1.0,1.0,1.0,True,0.999603489294211,0.9711093990755008,0.004371087876350667,9.305548655282355,355.67017893623876,1.0,1.0,0.9989868287740629,0.9995540691192865,1.0,1.0,1.0,1.0,1.0,True,0.999603489294211,0.9110950487893025,0.014337168234430184,5.006197804007512,1166.598186910863,1.0,1.0,0.9989868287740629,0.9995540691192865,1.0,1.0,1.0,1.0,1.0,Rule:Combined,fleet,92116,6311,0.33,A_volume_matched,CTT_Impala,FS-B,0,cross,92116,6311
49186,6299,0.12806489651526856,0.9997005036694839,0.9987000945606591,42904,0.04424300176620483,False,0.6801079536434355,0.9993002099370188,6.995126728379229e-05,15625.000000000002,5.691850737261893,1.0,0.9703977798334875,0.983085250338295,0.12589285714285714,0.8214285714285714,1.0,1.0,0.5,0.5,True,0.9996824892840134,0.9460637019230769,0.008370834984960478,9.86628941796892,681.12480489234,1.0,1.0,0.9986468200270636,1.0,1.0,1.0,1.0,1.0,1.0,True,0.9996824892840134,0.9411149305036617,0.009186933103271388,8.124266450314614,747.5297301603954,1.0,1.0,0.9986468200270636,1.0,1.0,1.0,1.0,1.0,1.0,True,0.9996824892840134,0.9415370813397129,0.009116981835987595,8.155980865605722,741.8378794231335,1.0,1.0,0.9986468200270636,1.0,1.0,1.0,1.0,1.0,1.0,True,0.9996824892840134,0.897647897362794,0.016741669969920957,5.20790763712109,1362.24960978468,1.0,1.0,0.9986468200270636,1.0,1.0,1.0,1.0,1.0,1.0,Rule:Combined,fleet,92116,6311,0.21,A_volume_matched,CTT_Impala,FS-B,0,in_f0,92116,6311
98401,12610,0.12814910417577058,0.4653641619748475,0.11663941922001048,85805,0.04424300176620483,True,0.0,0.0,0.00374165122215617,118.45449883885495,304.4536731694203,0.0,0.0,0.0,0.0,0.0,0.0,0.0,0.0,0.0,True,0.0,0.0,0.0037999323938408456,75.54455765956914,309.1959422219035,0.0,0.0,0.0,0.0,0.0,0.0,0.0,0.0,0.0,True,0.0003965107057890563,0.012165450121654502,0.004732431140795654,8.21291457664355,385.0722470616344,0.0006662225183211193,0.00046253469010175765,0.0006754474839581223,0.0,0.17857142857142858,0.5,0.14285714285714285,0.0,0.5,True,0.0003965107057890563,0.012626262626262626,0.004557587625741628,8.599980400691901,370.8454399041849,0.0006662225183211193,0.00046253469010175765,0.0006754474839581223,0.0,0.17857142857142858,0.5,0.14285714285714285,0.0,0.5,True,0.006106264869151467,0.05670103092783505,0.014931636185613875,4.831564457794258,1214.9693312461914,0.007661558960692871,0.009250693802035153,0.0060790273556231,0.0035674470457079154,0.7857142857142857,1.0,0.7142857142857143,0.875,0.5,Rule:Staleness,fleet,92116,6311,0.24,A_volume_matched,CTT_Impala,FS-B,0,cross,92116,6311
49186,6299,0.12806489651526856,0.4659315488222255,0.11628430542981225,42904,0.04424300176620483,False,0.0,0.0,0.007927810292163126,12.198953488107096,645.0764168896812,0.0,0.0,0.0,0.0,0.0,0.0,0.0,0.0,0.0,True,0.0,0.0,0.008067712826730711,9.715267633110068,656.4601183642051,0.0,0.0,0.0,0.0,0.0,0.0,0.0,0.0,0.0,True,0.00031751071598666456,0.005194805194805195,0.008930445123230817,8.078657037177154,726.6596107904352,0.0006666666666666666,0.0,0.0006765899864682003,0.0,0.07142857142857142,0.25,0.07142857142857142,0.0,0.0,True,0.00031751071598666456,0.005277044854881266,0.008790542588663231,8.154622587974686,715.2759093159113,0.0006666666666666666,0.0,0.0006765899864682003,0.0,0.07142857142857142,0.25,0.07142857142857142,0.0,0.0,True,0.003968883949833307,0.03415300546448088,0.016485181989880384,5.201565209860731,1341.3794904147196,0.004,0.008325624421831638,0.0033829499323410014,0.002232142857142857,0.42857142857142855,0.75,0.35714285714285715,0.375,0.5,Rule:Staleness,fleet,92116,6311,0.14,A_volume_matched,CTT_Impala,FS-B,0,in_f0,92116,6311
98401,12610,0.12814910417577058,0.9933071496965807,0.9748772643097233,85805,0.04424300176620483,True,0.5964314036478985,1.0,0.0,0.9992559552192688,0.0,0.9980013324450366,0.9310823311748381,0.7240797028031071,0.08205128205128205,0.6428571428571429,1.0,0.6428571428571429,0.5,0.5,True,0.777319587628866,0.9992863696605159,8.159364035854577e-05,0.16466650366783142,6.639176673476457,0.9996668887408394,1.0,0.9213103681188788,0.4260869565217391,1.0,1.0,1.0,1.0,1.0,True,0.8463124504361618,0.9918215613382899,0.0010257486216502896,0.09287463873624802,83.463935323704,0.9996668887408394,1.0,0.961837217156366,0.5933110367892976,1.0,1.0,1.0,1.0,1.0,True,0.8416336241078509,0.9926112981668537,0.0009208425126178737,0.09588520228862762,74.92785102923429,0.9996668887408394,1.0,0.9584599797365755,0.5823857302118172,1.0,1.0,1.0,1.0,1.0,True,0.9183187946074544,0.9322170342939945,0.009814549311699363,0.059081241488456726,798.5981084381681,1.0,1.0,0.983451536643026,0.7812709030100334,1.0,1.0,1.0,1.0,1.0,LogReg,fleet,92116,6311,2.0,A_volume_matched,CTT_Impala,FS-B,1,cross,92116,6311
49186,6299,0.12806489651526856,0.9937510145700788,0.9742482996985574,42904,0.04424300176620483,False,0.7758374345134148,0.9983656792645557,0.00018653671275677944,0.1539576053619385,15.178268632698384,1.0,1.0,0.935723951285521,0.4120535714285714,1.0,1.0,1.0,1.0,1.0,True,0.7939355453246547,0.9972083748753738,0.00032643924732436404,0.12586349248886108,26.561970107222173,1.0,1.0,0.9465493910690121,0.4558035714285714,1.0,1.0,1.0,1.0,1.0,True,0.8407683759326877,0.9904619412754816,0.001189171543824469,0.0903879702091217,96.76146253345219,1.0,1.0,0.9709066305818674,0.5714285714285714,1.0,1.0,1.0,1.0,1.0,True,0.8293379901571678,0.9931558935361217,0.0008394152074055075,0.0961303636431694,68.30220884714272,1.0,1.0,0.9641407307171854,0.54375,1.0,1.0,1.0,1.0,1.0,True,0.9130020638196539,0.9307331283379188,0.0099797141324877,0.05867379903793335,812.0373718493636,1.0,1.0,0.9851150202976996,0.7651785714285714,1.0,1.0,1.0,1.0,1.0,LogReg,fleet,92116,6311,1.82,A_volume_matched,CTT_Impala,FS-B,1,in_f0,92116,6311
98401,12610,0.12814910417577058,0.9998443361206524,0.999579615803152,85805,0.04424300176620483,True,0.6482950039651071,1.0,0.0,0.8003022914656086,0.0,0.9990006662225184,0.6864014801110083,0.7997298210064168,0.29520624303233,0.9642857142857143,1.0,0.9285714285714286,1.0,1.0,True,0.9869151467089612,0.9996786890513294,4.662493734774044e-05,0.4015584923364359,3.7938152419865463,1.0,1.0,0.9976359338061466,0.9647714604236344,1.0,1.0,1.0,1.0,1.0,True,0.9991276764472641,0.9934552909635704,0.0009674674499656141,0.24628334248703226,78.72166627122084,1.0,1.0,0.9986491050320837,0.9984392419175028,1.0,1.0,1.0,1.0,1.0,True,0.9990483743061063,0.9948669351654427,0.0007576552319007821,0.24927120384647367,61.64949768228137,1.0,1.0,0.9986491050320837,0.9982162764771461,1.0,1.0,1.0,1.0,1.0,True,0.9992862807295797,0.9397419643523007,0.009418237344243569,0.2170056353636262,766.3506788812823,1.0,1.0,0.9993245525160419,0.9984392419175028,1.0,1.0,1.0,1.0,1.0,RandomForest,fleet,92116,6311,90.92,A_volume_matched,CTT_Impala,FS-B,1,cross,92116,6311
49186,6299,0.12806489651526856,0.9998895334858293,0.9997341307623074,42904,0.04424300176620483,False,0.9974599142721067,0.9990459532517093,0.00013990253456758458,0.2930532767420619,11.383701474523786,1.0,1.0,0.9979702300405954,0.9941964285714285,1.0,1.0,1.0,1.0,1.0,True,0.9982536910620733,0.9982536910620733,0.0002564879800405717,0.278061687111968,20.870119369960275,1.0,1.0,0.9979702300405954,0.9964285714285714,1.0,1.0,1.0,1.0,1.0,True,0.9993649785680266,0.9880709464762204,0.0017720987711894048,0.2408499410283265,144.19355201063465,1.0,1.0,0.9979702300405954,0.9995535714285714,1.0,1.0,1.0,1.0,1.0,True,0.9993649785680266,0.9910264483627204,0.0013290740783920534,0.24411150830762446,108.14516400797598,1.0,1.0,0.9979702300405954,0.9995535714285714,1.0,1.0,1.0,1.0,1.0,True,0.9996824892840134,0.9364961332540155,0.009956397043393102,0.21628348627615746,810.1400882702762,1.0,1.0,0.9993234100135318,0.9995535714285714,1.0,1.0,1.0,1.0,1.0,RandomForest,fleet,92116,6311,92.07,A_volume_matched,CTT_Impala,FS-B,1,in_f0,92116,6311
98401,12610,0.12814910417577058,0.9993940745528127,0.9970389653076818,85805,0.04424300176620483,True,0.7309278350515463,1.0,0.0,0.9971647065645245,0.0,0.9990006662225184,1.0,0.7760891590678825,0.3919732441471572,0.9642857142857143,1.0,0.9285714285714286,1.0,1.0,True,0.9038858049167328,0.9997368651872642,3.4968703010805326e-05,0.8044901855827176,2.845361431489909,0.9996668887408394,1.0,0.9908814589665653,0.7360089186176143,1.0,1.0,1.0,1.0,1.0,True,0.9656621728786677,0.9938785504407444,0.0008742175752701332,0.4092604615664327,71.13403578724774,1.0,1.0,0.9979736575481256,0.9047937569676701,1.0,1.0,1.0,1.0,1.0,True,0.9613005551149881,0.9960558751027115,0.0005594992481728852,0.4549501601384077,45.52578290383855,1.0,1.0,0.9976359338061466,0.8927536231884058,1.0,1.0,1.0,1.0,1.0,True,0.9849325931800159,0.9376415521666919,0.0096280495623084,0.16546863555621596,783.4228474702219,1.0,1.0,0.9993245525160419,0.958082497212932,1.0,1.0,1.0,1.0,1.0,HistGB,fleet,92116,6311,18.97,A_volume_matched,CTT_Impala,FS-B,1,cross,92116,6311
49186,6299,0.12806489651526856,0.9989735039280523,0.9945464535618046,42904,0.04424300176620483,False,0.8358469598348944,1.0,0.0,0.8669431027927799,0.0,1.0,1.0,0.9837618403247632,0.5491071428571429,1.0,1.0,1.0,1.0,1.0,True,0.8739482457532942,0.999636825857999,4.663417818919486e-05,0.7277495213898698,3.794567158174596,1.0,1.0,0.9925575101488497,0.6504464285714285,1.0,1.0,1.0,1.0,1.0,True,0.9433243371963804,0.9896735509660226,0.0014456595238650407,0.3654357331991058,117.63158190341247,1.0,1.0,0.9979702300405954,0.8419642857142857,1.0,1.0,1.0,1.0,1.0,True,0.9401492300365137,0.9924585218702866,0.0010492690092568843,0.39353721601550273,85.3777610589284,1.0,1.0,0.9972936400541272,0.8334821428571428,1.0,1.0,1.0,1.0,1.0,True,0.9711065248452135,0.9367534456355283,0.009629957796068738,0.16340846720961172,783.578118163054,1.0,1.0,0.9993234100135318,0.9191964285714286,1.0,1.0,1.0,1.0,1.0,HistGB,fleet,92116,6311,17.31,A_volume_matched,CTT_Impala,FS-B,1,in_f0,92116,6311
98401,12610,0.12814910417577058,0.9998746598928507,0.9995786908583995,85805,0.04424300176620483,True,0.7674068199841396,1.0,0.0,0.9899453520774841,0.0,0.9993337774816788,0.9944495837187789,0.7939885173927728,0.48517279821627646,1.0,1.0,1.0,1.0,1.0,True,0.9432989690721649,0.9997478567826525,3.4968703010805326e-05,0.40523678064346313,2.845361431489909,1.0,1.0,0.9902060114826072,0.8470457079152731,1.0,1.0,1.0,1.0,1.0,True,0.9950832672482157,0.9911532385466034,0.0013054982457367324,0.07294134050607681,106.22682677562331,1.0,1.0,0.9989868287740629,0.986845039018952,1.0,1.0,1.0,1.0,1.0,True,0.992466296590008,0.9939639424986101,0.0008858738096070684,0.09197265654802322,72.08248959774438,1.0,1.0,0.9986491050320837,0.9797101449275363,1.0,1.0,1.0,1.0,1.0,True,0.9993655828707375,0.9295566865825773,0.01113170379177303,0.021632513031363487,905.773389024288,1.0,1.0,0.9993245525160419,0.9986622073578595,1.0,1.0,1.0,1.0,1.0,XGBoost,fleet,92116,6311,15.81,A_volume_matched,CTT_Impala,FS-B,1,cross,92116,6311
49186,6299,0.12806489651526856,0.9998629033637548,0.9994210892670329,42904,0.04424300176620483,False,0.8842673440228608,1.0,0.0,0.4513041973114014,0.0,1.0,1.0,0.9878213802435724,0.6825892857142857,1.0,1.0,1.0,1.0,1.0,True,0.9482457532941737,0.9988294314381271,0.00016321962366218202,0.19409963488578796,13.280985053611086,1.0,1.0,0.9952638700947226,0.8575892857142857,1.0,1.0,1.0,1.0,1.0,True,0.9907921892363867,0.9909495077802477,0.0013290740783920534,0.07577021420001984,108.14516400797598,1.0,1.0,0.9986468200270636,0.975,1.0,1.0,1.0,1.0,1.0,True,0.9884108588664867,0.9914012738853503,0.0012591228111082612,0.08391690254211426,102.45331327071409,1.0,1.0,0.9979702300405954,0.96875,1.0,1.0,1.0,1.0,1.0,True,0.9996824892840134,0.9286240967408936,0.011285471121785157,0.022129014134407043,918.2852522782522,1.0,1.0,0.9993234100135318,0.9995535714285714,1.0,1.0,1.0,1.0,1.0,XGBoost,fleet,92116,6311,19.66,A_volume_matched,CTT_Impala,FS-B,1,in_f0,92116,6311
98401,12610,0.12814910417577058,0.9997953827095304,0.9991959765788271,85805,0.04424300176620483,True,0.7896114195083267,1.0,0.0,0.9812897369163012,0.0,0.9996668887408394,1.0,0.8223573117190138,0.5259754738015607,1.0,1.0,1.0,1.0,1.0,True,0.9380650277557494,0.9997464503042597,3.4968703010805326e-05,0.4287867143447738,2.845361431489909,1.0,1.0,0.9915569064505235,0.831438127090301,1.0,1.0,1.0,1.0,1.0,True,0.9796193497224425,0.9908558594689981,0.0013288107144106024,0.10376006261761223,108.12373439661657,1.0,1.0,0.9986491050320837,0.9435897435897436,1.0,1.0,1.0,1.0,1.0,True,0.9750198255352894,0.9931340872374798,0.0009907799186394844,0.12296209485792968,80.61857389221412,1.0,1.0,0.9986491050320837,0.9306577480490524,1.0,1.0,1.0,1.0,1.0,True,0.9988897700237906,0.9258360896729144,0.011761140445967527,0.019262540275000403,956.9898947911064,1.0,1.0,0.9993245525160419,0.9973244147157191,1.0,1.0,1.0,1.0,1.0,LightGBM,fleet,92116,6311,32.36,A_volume_matched,CTT_Impala,FS-B,1,cross,92116,6311
49186,6299,0.12806489651526856,0.9997252625757244,0.9986608408197534,42904,0.04424300176620483,False,0.8880774726147007,0.999106983389891,0.00011658544547298715,0.3840402421073163,9.486417895436489,1.0,1.0,0.9918809201623816,0.690625,1.0,1.0,1.0,1.0,1.0,True,0.9133195745356406,0.9980916030534351,0.0002564879800405717,0.2537197442238806,20.870119369960275,1.0,1.0,0.9952638700947226,0.759375,1.0,1.0,1.0,1.0,1.0,True,0.960311160501667,0.9905027018175864,0.001352391167486651,0.10494344039846462,110.04244758706328,1.0,1.0,0.9979702300405954,0.8897321428571429,1.0,1.0,1.0,1.0,1.0,True,0.952690903317987,0.9920648040998512,0.0011192202765406766,0.11967106373185708,91.06961179619029,1.0,1.0,0.9979702300405954,0.8683035714285714,1.0,1.0,1.0,1.0,1.0,True,0.9982536910620733,0.9340463458110517,0.010352787558001258,0.022183908574596276,842.3939091147602,1.0,1.0,0.9993234100135318,0.9955357142857143,1.0,1.0,1.0,1.0,1.0,LightGBM,fleet,92116,6311,38.59,A_volume_matched,CTT_Impala,FS-B,1,in_f0,92116,6311
98401,12610,0.12814910417577058,0.9997122134901528,0.9991397305937118,85805,0.04424300176620483,True,0.45662172878667723,0.9996527777777777,2.331246867387022e-05,78125.0,1.8969076209932731,0.9996668887408394,0.0,0.7413036136440392,0.1253065774804905,0.75,1.0,0.9285714285714286,0.5,0.0,True,0.6801744647105472,0.9996503496503496,3.4968703010805326e-05,31250.0,2.845361431489909,0.9996668887408394,0.9708603145235892,0.9824383654170888,0.126644370122631,0.8214285714285714,1.0,1.0,0.5,0.5,True,0.999603489294211,0.9689445768314244,0.004709118672121784,8.718181694172317,383.17533944064115,1.0,1.0,0.9989868287740629,0.9995540691192865,1.0,1.0,1.0,1.0,1.0,True,0.999603489294211,0.9711093990755008,0.004371087876350667,9.279981311768356,355.67017893623876,1.0,1.0,0.9989868287740629,0.9995540691192865,1.0,1.0,1.0,1.0,1.0,True,0.999603489294211,0.9109633591096336,0.014360480703104056,5.001312950580767,1168.4950945318562,1.0,1.0,0.9989868287740629,0.9995540691192865,1.0,1.0,1.0,1.0,1.0,Rule:Combined,fleet,92116,6311,0.34,A_volume_matched,CTT_Impala,FS-B,1,cross,92116,6311
49186,6299,0.12806489651526856,0.9997009811904385,0.9987001991277613,42904,0.04424300176620483,False,0.6801079536434355,0.9993002099370188,6.995126728379229e-05,15625.000000000002,5.691850737261893,1.0,0.9703977798334875,0.983085250338295,0.12589285714285714,0.8214285714285714,1.0,1.0,0.5,0.5,True,0.9996824892840134,0.9460637019230769,0.008370834984960478,9.83937328492278,681.12480489234,1.0,1.0,0.9986468200270636,1.0,1.0,1.0,1.0,1.0,1.0,True,0.9996824892840134,0.9411149305036617,0.009186933103271388,8.101540528681435,747.5297301603954,1.0,1.0,0.9986468200270636,1.0,1.0,1.0,1.0,1.0,1.0,True,0.9996824892840134,0.9415370813397129,0.009116981835987595,8.133178659039807,741.8378794231335,1.0,1.0,0.9986468200270636,1.0,1.0,1.0,1.0,1.0,1.0,True,0.9996824892840134,0.897647897362794,0.016741669969920957,5.192458093573022,1362.24960978468,1.0,1.0,0.9986468200270636,1.0,1.0,1.0,1.0,1.0,1.0,Rule:Combined,fleet,92116,6311,0.22,A_volume_matched,CTT_Impala,FS-B,1,in_f0,92116,6311
98401,12610,0.12814910417577058,0.4653641619748475,0.11663941922001048,85805,0.04424300176620483,True,0.0,0.0,0.00374165122215617,118.16638891983385,304.4536731694203,0.0,0.0,0.0,0.0,0.0,0.0,0.0,0.0,0.0,True,0.0,0.0,0.0037999323938408456,75.35966206584533,309.1959422219035,0.0,0.0,0.0,0.0,0.0,0.0,0.0,0.0,0.0,True,0.0003965107057890563,0.012165450121654502,0.004732431140795654,8.189975423383935,385.0722470616344,0.0006662225183211193,0.00046253469010175765,0.0006754474839581223,0.0,0.17857142857142858,0.5,0.14285714285714285,0.0,0.5,True,0.0003965107057890563,0.012626262626262626,0.004557587625741628,8.57611021054953,370.8454399041849,0.0006662225183211193,0.00046253469010175765,0.0006754474839581223,0.0,0.17857142857142858,0.5,0.14285714285714285,0.0,0.5,True,0.006106264869151467,0.05670103092783505,0.014931636185613875,4.816758705828591,1214.9693312461914,0.007661558960692871,0.009250693802035153,0.0060790273556231,0.0035674470457079154,0.7857142857142857,1.0,0.7142857142857143,0.875,0.5,Rule:Staleness,fleet,92116,6311,0.23,A_volume_matched,CTT_Impala,FS-B,1,cross,92116,6311
49186,6299,0.12806489651526856,0.4659315488222255,0.11628430542981225,42904,0.04424300176620483,False,0.0,0.0,0.007927810292163126,12.16642643270759,645.0764168896812,0.0,0.0,0.0,0.0,0.0,0.0,0.0,0.0,0.0,True,0.0,0.0,0.008067712826730711,9.688714763475648,656.4601183642051,0.0,0.0,0.0,0.0,0.0,0.0,0.0,0.0,0.0,True,0.00031751071598666456,0.005194805194805195,0.008930445123230817,8.056040823100656,726.6596107904352,0.0006666666666666666,0.0,0.0006765899864682003,0.0,0.07142857142857142,0.25,0.07142857142857142,0.0,0.0,True,0.00031751071598666456,0.005277044854881266,0.008790542588663231,8.131823648570304,715.2759093159113,0.0006666666666666666,0.0,0.0006765899864682003,0.0,0.07142857142857142,0.25,0.07142857142857142,0.0,0.0,True,0.003968883949833307,0.03415300546448088,0.016485181989880384,5.185869468840443,1341.3794904147196,0.004,0.008325624421831638,0.0033829499323410014,0.002232142857142857,0.42857142857142855,0.75,0.35714285714285715,0.375,0.5,Rule:Staleness,fleet,92116,6311,0.15,A_volume_matched,CTT_Impala,FS-B,1,in_f0,92116,6311
98401,12610,0.12814910417577058,0.9917072973323557,0.9704753189568759,85805,0.04424300176620483,True,0.609199048374306,1.0,0.0,0.9974942207336426,0.0,0.9980013324450366,0.956059204440333,0.7335359675785208,0.09966555183946488,0.7142857142857143,1.0,0.7857142857142857,0.5,0.5,True,0.7624107850911974,0.9994801954465121,5.828117168467555e-05,0.22071488201618195,4.7422690524831825,0.9996668887408394,1.0,0.9071259709557582,0.3935340022296544,1.0,1.0,1.0,1.0,1.0,True,0.8419508326724822,0.9904841869577385,0.0011889359023673812,0.1107378900051117,96.74228867065693,0.9996668887408394,1.0,0.9648767308341777,0.579041248606466,1.0,1.0,1.0,1.0,1.0,True,0.8366375892149088,0.9923807732104224,0.0009441549812917439,0.11404303461313248,76.82475865022757,0.9996668887408394,1.0,0.9631881121242823,0.5652173913043478,1.0,1.0,1.0,1.0,1.0,True,0.9075337034099921,0.9321495479351634,0.009709643202666946,0.0729847177863121,790.0620241436982,1.0,1.0,0.9831138129010469,0.7511705685618729,1.0,1.0,1.0,1.0,1.0,LogReg,fleet,92116,6311,1.69,A_volume_matched,CTT_Impala,FS-B,2,cross,92116,6311
49186,6299,0.12806489651526856,0.9912307626195102,0.9666904009926166,42904,0.04424300176620483,False,0.7705985076996349,0.9983545865898807,0.00018653671275677944,0.17595840990543368,15.178268632698384,1.0,1.0,0.9336941813261164,0.3986607142857143,1.0,1.0,1.0,1.0,1.0,True,0.7829814256231148,0.9977746307910176,0.0002564879800405717,0.15220624208450317,20.870119369960275,1.0,1.0,0.945872801082544,0.42544642857142856,1.0,1.0,1.0,1.0,1.0,True,0.8226702651214478,0.9915805587447378,0.0010259519201622869,0.11183860898017883,83.4804774798411,1.0,1.0,0.9675236806495264,0.5227678571428571,1.0,1.0,1.0,1.0,1.0,True,0.8196539133195745,0.9921214450422752,0.0009560006528784947,0.11397077143192291,77.78862674257921,1.0,1.0,0.9668470906630582,0.5147321428571429,1.0,1.0,1.0,1.0,1.0,True,0.8931576440704874,0.9328469573868347,0.009443421083311958,0.07292064279317856,768.3998495303555,1.0,1.0,0.9871447902571042,0.7080357142857143,1.0,1.0,1.0,1.0,1.0,LogReg,fleet,92116,6311,1.59,A_volume_matched,CTT_Impala,FS-B,2,in_f0,92116,6311
98401,12610,0.12814910417577058,0.999851298432867,0.9996047648230412,85805,0.04424300176620483,True,0.7601110229976209,1.0,0.0,0.7618097478994289,0.0,0.9990006662225184,0.9056429232192414,0.8351908139142181,0.48049052396878483,1.0,1.0,1.0,1.0,1.0,True,0.9821570182394924,0.9995964487489911,5.828117168467555e-05,0.4387242443678276,4.7422690524831825,1.0,1.0,0.9976359338061466,0.9513935340022297,1.0,1.0,1.0,1.0,1.0,True,0.9993655828707375,0.9869214503876577,0.0019465911342681633,0.20492533989450545,158.3917863529383,1.0,1.0,0.9993245525160419,0.9986622073578595,1.0,1.0,1.0,1.0,1.0,True,0.9993655828707375,0.9880821702995138,0.0017717476192141367,0.20789522818641867,144.16497919548877,1.0,1.0,0.9993245525160419,0.9986622073578595,1.0,1.0,1.0,1.0,1.0,True,0.9993655828707375,0.9337581505631298,0.010420673497219987,0.17565539527281462,847.917706583993,1.0,1.0,0.9993245525160419,0.9986622073578595,1.0,1.0,1.0,1.0,1.0,RandomForest,fleet,92116,6311,100.34,A_volume_matched,CTT_Impala,FS-B,2,cross,92116,6311
49186,6299,0.12806489651526856,0.9999092562117694,0.9997186705369798,42904,0.04424300176620483,False,0.99904746785204,0.9979384712971773,0.0003031221582297666,0.2794748483798178,24.664686528134876,1.0,1.0,0.9993234100135318,0.9977678571428571,1.0,1.0,1.0,1.0,1.0,True,0.9993649785680266,0.9960443037974683,0.0005829272273649358,0.2542001376593521,47.43208947718245,1.0,1.0,0.9993234100135318,0.9986607142857142,1.0,1.0,1.0,1.0,1.0,True,0.9996824892840134,0.9829847018420231,0.00254156271131112,0.2056721987005747,206.8039101205155,1.0,1.0,0.9993234100135318,0.9995535714285714,1.0,1.0,1.0,1.0,1.0,True,0.9996824892840134,0.9852918166171178,0.0021918063748921583,0.21061376677034346,178.34465643420597,1.0,1.0,0.9993234100135318,0.9995535714285714,1.0,1.0,1.0,1.0,1.0,True,0.9996824892840134,0.917662489070242,0.013174155338447548,0.17415897148090417,1071.9652221843232,1.0,1.0,0.9993234100135318,0.9995535714285714,1.0,1.0,1.0,1.0,1.0,RandomForest,fleet,92116,6311,111.93,A_volume_matched,CTT_Impala,FS-B,2,in_f0,92116,6311
98401,12610,0.12814910417577058,0.9998828372819912,0.9995665098772701,85805,0.04424300176620483,True,0.7377478191911182,1.0,0.0,0.9943964765148032,0.0,0.9993337774816788,1.0,0.7892603850050659,0.40222965440356745,0.9642857142857143,1.0,0.9285714285714286,1.0,1.0,True,0.9517842981760507,0.9996668332500417,4.662493734774044e-05,0.7140709465805954,3.7938152419865463,1.0,1.0,0.9956095913542722,0.867335562987737,1.0,1.0,1.0,1.0,1.0,True,0.9907216494845361,0.9922166626955762,0.0011423109650196407,0.27102853953847955,92.94847342867038,1.0,1.0,0.9989868287740629,0.974581939799331,1.0,1.0,1.0,1.0,1.0,True,0.9897700237906424,0.9937893144358627,0.0009091862782809385,0.2833520384957858,73.97939721873765,1.0,1.0,0.9989868287740629,0.9719063545150501,1.0,1.0,1.0,1.0,1.0,True,0.9993655828707375,0.9239680328469829,0.01208751500740171,0.0924502706969798,983.5466014850122,1.0,1.0,0.9993245525160419,0.9986622073578595,1.0,1.0,1.0,1.0,1.0,HistGB,fleet,92116,6311,24.93,A_volume_matched,CTT_Impala,FS-B,2,cross,92116,6311
49186,6299,0.12806489651526856,0.9999046253690234,0.9994120949624581,42904,0.04424300176620483,False,0.9403079853945071,0.9993251223215792,9.326835637838972e-05,0.5875839690795482,7.589134316349192,1.0,1.0,0.9945872801082544,0.8357142857142857,1.0,1.0,1.0,1.0,1.0,True,0.961263692649627,0.9980220866985331,0.00027980506913516916,0.4453375126216076,22.767402949047572,1.0,1.0,0.9979702300405954,0.8924107142857143,1.0,1.0,1.0,1.0,1.0,True,0.9828544213367201,0.9918295418135213,0.001189171543824469,0.2699630610759435,96.76146253345219,1.0,1.0,0.9986468200270636,0.9526785714285714,1.0,1.0,1.0,1.0,1.0,True,0.9815843784727735,0.9926151870284154,0.0010725860983514818,0.27479086258485286,87.27504463801571,1.0,1.0,0.9986468200270636,0.9491071428571428,1.0,1.0,1.0,1.0,1.0,True,0.9988887124940466,0.941775183355785,0.0090703476577984,0.1102353089582278,738.0433122649589,1.0,1.0,0.9993234100135318,0.9973214285714286,1.0,1.0,1.0,1.0,1.0,HistGB,fleet,92116,6311,18.51,A_volume_matched,CTT_Impala,FS-B,2,in_f0,92116,6311
98401,12610,0.12814910417577058,0.9998417358837619,0.9996086926546567,85805,0.04424300176620483,True,0.8709754163362411,1.0,0.0,0.8870373964309692,0.0,1.0,1.0,0.8682877406281662,0.7241917502787067,1.0,1.0,1.0,1.0,1.0,True,0.9682791435368755,0.9998362266622994,2.331246867387022e-05,0.3047961890697479,1.8969076209932731,1.0,1.0,0.9841269841269841,0.9212931995540691,1.0,1.0,1.0,1.0,1.0,True,0.9975416336241079,0.9918000473074193,0.0012122483710412515,0.07633798569440842,98.63919629165021,1.0,1.0,0.9983113812901047,0.9942028985507246,1.0,1.0,1.0,1.0,1.0,True,0.9971451229183188,0.9938349668036675,0.0009091862782809385,0.08537209033966064,73.97939721873765,1.0,1.0,0.9976359338061466,0.9935340022296544,1.0,1.0,1.0,1.0,1.0,True,0.9994448850118953,0.9391207153502236,0.009523143453275984,0.023564932867884636,774.8867631757521,1.0,1.0,0.9993245525160419,0.9988851727982163,1.0,1.0,1.0,1.0,1.0,XGBoost,fleet,92116,6311,14.06,A_volume_matched,CTT_Impala,FS-B,2,cross,92116,6311
49186,6299,0.12806489651526856,0.9998916730758431,0.999652760703782,42904,0.04424300176620483,False,0.9444356247023337,0.999663922029911,4.663417818919486e-05,0.29114890098571783,3.794567158174596,1.0,1.0,0.9851150202976996,0.8535714285714285,1.0,1.0,1.0,1.0,1.0,True,0.9742816320050802,0.9990232785284063,0.00013990253456758458,0.18405981361865997,11.383701474523786,1.0,1.0,0.9925575101488497,0.9325892857142857,1.0,1.0,1.0,1.0,1.0,True,0.9963486267661533,0.9908430691506157,0.001352391167486651,0.07438427209854126,110.04244758706328,1.0,1.0,0.9979702300405954,0.9910714285714286,1.0,1.0,1.0,1.0,1.0,True,0.9960311160501667,0.9925644676475242,0.0010959031874460791,0.08053959906101227,89.17232821710299,1.0,1.0,0.9979702300405954,0.9901785714285715,1.0,1.0,1.0,1.0,1.0,True,0.9996824892840134,0.9429469901168014,0.00888381094504162,0.0237651988863945,722.8650436322604,1.0,1.0,0.9993234100135318,0.9995535714285714,1.0,1.0,1.0,1.0,1.0,XGBoost,fleet,92116,6311,10.93,A_volume_matched,CTT_Impala,FS-B,2,in_f0,92116,6311
98401,12610,0.12814910417577058,0.9997027225792842,0.9985917549233942,85805,0.04424300176620483,True,0.7804123711340206,1.0,0.0,0.9851502834630823,0.0,0.9990006662225184,0.9995374653098983,0.8024316109422492,0.5139353400222966,1.0,1.0,1.0,1.0,1.0,True,0.9318001586042823,0.9996596903181896,4.662493734774044e-05,0.439946595314935,3.7938152419865463,1.0,1.0,0.9800742992232354,0.8214046822742475,1.0,1.0,1.0,1.0,1.0,True,0.9734337827121332,0.993042634091093,0.0010024361529764195,0.09211506256524228,81.56702770271076,1.0,1.0,0.9983113812901047,0.9264214046822743,1.0,1.0,1.0,1.0,1.0,True,0.9704203013481364,0.994150621496466,0.0008392488722593279,0.10547558814396511,68.28867435575783,1.0,1.0,0.9983113812901047,0.9179487179487179,1.0,1.0,1.0,1.0,1.0,True,0.995400475812847,0.9363670272286461,0.009942767889405648,0.0229812942836677,809.031100353631,1.0,1.0,0.999662276258021,0.9872909698996656,1.0,1.0,1.0,1.0,1.0,LightGBM,fleet,92116,6311,49.44,A_volume_matched,CTT_Impala,FS-B,2,cross,92116,6311
49186,6299,0.12806489651526856,0.999560958350204,0.9976586655355303,42904,0.04424300176620483,False,0.8812509922209875,0.9992799279927993,9.326835637838972e-05,0.41226684596881025,7.589134316349192,1.0,1.0,0.9824086603518268,0.6776785714285715,1.0,1.0,1.0,1.0,1.0,True,0.8961739958723607,0.9989382410192886,0.00013990253456758458,0.294544351373196,11.383701474523786,1.0,1.0,0.9891745602165088,0.7151785714285714,1.0,1.0,1.0,1.0,1.0,True,0.949357040800127,0.9931904999169573,0.0009560006528784947,0.08856113941425953,77.78862674257921,1.0,1.0,0.9979702300405954,0.8589285714285714,1.0,1.0,1.0,1.0,1.0,True,0.943641847912367,0.9944788355362222,0.0007694639401217152,0.10155582826350004,62.610358109880835,1.0,1.0,0.9979702300405954,0.8428571428571429,1.0,1.0,1.0,1.0,1.0,True,0.99142721066836,0.9427838164251208,0.008837176766852426,0.02363382667003069,719.0704764740859,1.0,1.0,0.9993234100135318,0.9763392857142857,1.0,1.0,1.0,1.0,1.0,LightGBM,fleet,92116,6311,28.67,A_volume_matched,CTT_Impala,FS-B,2,in_f0,92116,6311
98401,12610,0.12814910417577058,0.8613881677537515,0.7766668032306024,85805,0.04424300176620483,True,0.30951625693893736,0.9237869822485207,0.0037533074564931055,118.82892569446747,305.402126979917,0.1022651565622918,1.0,0.1337386018237082,0.231438127090301,0.25,0.25,0.14285714285714285,0.25,1.0,True,0.30951625693893736,0.922695035460993,0.003811588628177781,81.29233533796598,310.14439603240015,0.1022651565622918,1.0,0.1337386018237082,0.231438127090301,0.25,0.25,0.14285714285714285,0.25,1.0,True,0.6828707375099128,0.954868041694389,0.00474408737513259,8.239459675105481,386.02070087213116,0.9986675549633578,1.0,0.7254305977710233,0.2905239687848383,0.7142857142857143,1.0,0.7142857142857143,0.5,1.0,True,0.6828707375099128,0.9564589581250694,0.004569243860078563,8.645023416593602,371.79389371468153,0.9986675549633578,1.0,0.7254305977710233,0.2905239687848383,0.7142857142857143,1.0,0.7142857142857143,0.5,1.0,True,0.7180015860428232,0.8795414804740626,0.014453730577799535,4.981663258436635,1176.0827250158293,0.9996668887408394,1.0,0.7730496453900709,0.35719063545150503,0.9642857142857143,1.0,0.9285714285714286,1.0,1.0,Rule:Combined,fleet,92116,6311,0.35,A_volume_matched,CTT_Impala,FS-B,2,cross,92116,6311
49186,6299,0.12806489651526856,0.863175293430056,0.7566388044547233,42904,0.04424300176620483,False,0.6308937926655025,0.920973348783314,0.007951127381257724,12.236322983240877,646.9737004687686,0.998,1.0,0.5926928281461434,0.23214285714285715,0.6428571428571429,1.0,0.6428571428571429,0.375,1.0,True,0.6750277821876488,0.9245488149597738,0.008091029915825308,9.744758558173404,658.3574019432923,0.998,1.0,0.7212449255751014,0.2714285714285714,0.6785714285714286,1.0,0.6428571428571429,0.5,1.0,True,0.6820130179393554,0.9179487179487179,0.008953762212325413,8.102956423531133,728.5568943695223,0.9993333333333333,1.0,0.7239512855209743,0.2883928571428571,0.6785714285714286,1.0,0.6428571428571429,0.5,1.0,True,0.6820130179393554,0.9191270860077022,0.00881385967775783,8.17916294679855,717.1731928949987,0.9993333333333333,1.0,0.7239512855209743,0.2883928571428571,0.6785714285714286,1.0,0.6428571428571429,0.5,1.0,True,0.7072551198602953,0.862870424171993,0.016508499078974982,5.216738091944852,1343.276773993807,1.0,1.0,0.7395128552097429,0.34866071428571427,0.8571428571428571,1.0,0.8571428571428571,0.75,1.0,Rule:Combined,fleet,92116,6311,0.21,A_volume_matched,CTT_Impala,FS-B,2,in_f0,92116,6311
98401,12610,0.12814910417577058,0.4653641619748475,0.11663941922001048,85805,0.04424300176620483,True,0.0,0.0,0.00374165122215617,118.82892569446747,304.4536731694203,0.0,0.0,0.0,0.0,0.0,0.0,0.0,0.0,0.0,True,0.0,0.0,0.0037999323938408456,75.78286867846279,309.1959422219035,0.0,0.0,0.0,0.0,0.0,0.0,0.0,0.0,0.0,True,0.0003965107057890563,0.012165450121654502,0.004732431140795654,8.237639845131556,385.0722470616344,0.0006662225183211193,0.00046253469010175765,0.0006754474839581223,0.0,0.17857142857142858,0.5,0.14285714285714285,0.0,0.5,True,0.0003965107057890563,0.012626262626262626,0.004557587625741628,8.625933491615864,370.8454399041849,0.0006662225183211193,0.00046253469010175765,0.0006754474839581223,0.0,0.17857142857142858,0.5,0.14285714285714285,0.0,0.5,True,0.006106264869151467,0.05670103092783505,0.014931636185613875,4.84556365003938,1214.9693312461914,0.007661558960692871,0.009250693802035153,0.0060790273556231,0.0035674470457079154,0.7857142857142857,1.0,0.7142857142857143,0.875,0.5,Rule:Staleness,fleet,92116,6311,0.25,A_volume_matched,CTT_Impala,FS-B,2,cross,92116,6311
49186,6299,0.12806489651526856,0.4659315488222255,0.11628430542981225,42904,0.04424300176620483,False,0.0,0.0,0.007927810292163126,12.236322983240877,645.0764168896812,0.0,0.0,0.0,0.0,0.0,0.0,0.0,0.0,0.0,True,0.0,0.0,0.008067712826730711,9.744758558173404,656.4601183642051,0.0,0.0,0.0,0.0,0.0,0.0,0.0,0.0,0.0,True,0.00031751071598666456,0.005194805194805195,0.008930445123230817,8.102956423531133,726.6596107904352,0.0006666666666666666,0.0,0.0006765899864682003,0.0,0.07142857142857142,0.25,0.07142857142857142,0.0,0.0,True,0.00031751071598666456,0.005277044854881266,0.008790542588663231,8.17916294679855,715.2759093159113,0.0006666666666666666,0.0,0.0006765899864682003,0.0,0.07142857142857142,0.25,0.07142857142857142,0.0,0.0,True,0.003968883949833307,0.03415300546448088,0.016485181989880384,5.216738091944852,1341.3794904147196,0.004,0.008325624421831638,0.0033829499323410014,0.002232142857142857,0.42857142857142855,0.75,0.35714285714285715,0.375,0.5,Rule:Staleness,fleet,92116,6311,0.14,A_volume_matched,CTT_Impala,FS-B,2,in_f0,92116,6311
