feature_set,model,test_domain,eval_set,pr_auc,roc_auc,n_eval,covered
FS-A,IForest,CIDv2_OpelAstra,in_f0,0.6840038229775034,0.8439966110292649,29734,1.0
FS-A,IForest@target,CIDv2_OpelAstra,in_f0,0.6723198492471661,0.8172137767776357,29734,1.0
FS-A,LogReg,CIDv2_OpelAstra,in_f0,0.6775585688015819,0.8308405330973285,29734,1.0
FS-A,RandomForest,CIDv2_OpelAstra,in_f0,0.6966373864642048,0.8623952683924514,29734,1.0
FS-A,ExtraTrees,CIDv2_OpelAstra,in_f0,0.6870352843610509,0.88368239372141,29734,1.0
FS-A,HistGB,CIDv2_OpelAstra,in_f0,0.6805709747598734,0.8576127183538668,29734,1.0
FS-A,XGBoost,CIDv2_OpelAstra,in_f0,0.6806443616260731,0.8539885343421098,29734,1.0
FS-A,LightGBM,CIDv2_OpelAstra,in_f0,0.6797836321510535,0.847575249001207,29734,1.0
FS-A,CatBoost,CIDv2_OpelAstra,in_f0,0.6836312057538354,0.8488217570482137,29734,1.0
FS-A,NN:MLP,CIDv2_OpelAstra,in_f0,0.691318776427149,0.8531798582892174,29734,1.0
FS-A,NN:CNN1D,CIDv2_OpelAstra,in_f0,0.6934022278710706,0.8791595208671735,29734,1.0
FS-A,NN:LSTM,CIDv2_OpelAstra,in_f0,0.700200497914394,0.8877657077174634,29734,1.0
FS-A,NN:Transformer,CIDv2_OpelAstra,in_f0,0.7003244582813356,0.8752475621536153,29734,1.0
FS-A,Ens:RankAvg-Trees,CIDv2_OpelAstra,in_f0,0.6831796878235592,0.8537867430804017,29734,1.0
FS-A,Ens:Stack-Trees,CIDv2_OpelAstra,in_f0,0.6835781195323051,0.8484287155908843,29734,1.0
FS-A,Ens:RankAvg-Hybrid,CIDv2_OpelAstra,in_f0,0.6986658137653109,0.8676329190658385,29734,1.0
FS-A,IForest,CIDv2_Prototype,in_f0,0.1830756855652959,0.32892335766423364,2994,1.0
FS-A,IForest@target,CIDv2_Prototype,in_f0,0.9232895223180541,0.9804162365749957,2994,1.0
FS-A,LogReg,CIDv2_Prototype,in_f0,0.9255252580996194,0.9343649389269827,2994,1.0
FS-A,RandomForest,CIDv2_Prototype,in_f0,0.9322692424085335,0.9334463860011305,2994,1.0
FS-A,ExtraTrees,CIDv2_Prototype,in_f0,0.9328452064210587,0.9544886210032195,2994,1.0
FS-A,HistGB,CIDv2_Prototype,in_f0,0.9417810897403072,0.9407667766472512,2994,1.0
FS-A,XGBoost,CIDv2_Prototype,in_f0,0.9456131680475615,0.9523228022315614,2994,1.0
FS-A,LightGBM,CIDv2_Prototype,in_f0,0.943677152764363,0.9414361068101944,2994,1.0
FS-A,CatBoost,CIDv2_Prototype,in_f0,0.9401148989414767,0.9414215144142151,2994,1.0
FS-A,NN:MLP,CIDv2_Prototype,in_f0,0.893477974785307,0.9212233343164,2994,1.0
FS-A,NN:CNN1D,CIDv2_Prototype,in_f0,0.29502821414900143,0.711148129715648,2994,1.0
FS-A,NN:LSTM,CIDv2_Prototype,in_f0,0.944069917631443,0.9429153149499865,2994,1.0
FS-A,NN:Transformer,CIDv2_Prototype,in_f0,0.9437813531072956,0.9408792917004595,2994,1.0
FS-A,Ens:RankAvg-Trees,CIDv2_Prototype,in_f0,0.945251614531286,0.9475779694757797,2994,1.0
FS-A,Ens:Stack-Trees,CIDv2_Prototype,in_f0,0.9460444292323553,0.9579570031212368,2994,1.0
FS-A,Ens:RankAvg-Hybrid,CIDv2_Prototype,in_f0,0.9411466468495462,0.9370960210376269,2994,1.0
FS-A,IForest,CIDv2_RenaultClio,in_f0,0.7633895097032437,0.7858687200695209,4540,1.0
FS-A,IForest@target,CIDv2_RenaultClio,in_f0,0.8730567194445256,0.9565878533850486,4540,1.0
FS-A,LogReg,CIDv2_RenaultClio,in_f0,0.07246753714365951,0.282443778271792,4540,1.0
FS-A,RandomForest,CIDv2_RenaultClio,in_f0,0.815431185547306,0.8862533096101083,4540,1.0
FS-A,ExtraTrees,CIDv2_RenaultClio,in_f0,0.8116988138602809,0.8805242749914031,4540,1.0
FS-A,HistGB,CIDv2_RenaultClio,in_f0,0.780350501040913,0.8501916171789727,4540,1.0
FS-A,XGBoost,CIDv2_RenaultClio,in_f0,0.7912460940380825,0.8587459252763584,4540,1.0
FS-A,LightGBM,CIDv2_RenaultClio,in_f0,0.7887676397534276,0.8672847052393055,4540,1.0
FS-A,CatBoost,CIDv2_RenaultClio,in_f0,0.7915301621825651,0.8746128553754731,4540,1.0
FS-A,NN:MLP,CIDv2_RenaultClio,in_f0,0.05392078847848062,0.136578694609027,4540,1.0
FS-A,NN:CNN1D,CIDv2_RenaultClio,in_f0,0.09493392070484581,0.5,4540,1.0
FS-A,NN:LSTM,CIDv2_RenaultClio,in_f0,0.10259052254407258,0.5314393903033294,4540,1.0
FS-A,NN:Transformer,CIDv2_RenaultClio,in_f0,0.07676322737040583,0.12202459769426963,4540,1.0
FS-A,Ens:RankAvg-Trees,CIDv2_RenaultClio,in_f0,0.7931341210823609,0.8647135285059845,4540,1.0
FS-A,Ens:Stack-Trees,CIDv2_RenaultClio,in_f0,0.8130851387501765,0.8832575089823199,4540,1.0
FS-A,Ens:RankAvg-Hybrid,CIDv2_RenaultClio,in_f0,0.793160965818041,0.8649168059022722,4540,1.0
FS-A,IForest,CTT_Forester,in_f0,0.2935072450254592,0.5325470536873393,62883,1.0
FS-A,IForest@target,CTT_Forester,in_f0,0.649270330340668,0.8051847710104516,62883,1.0
FS-A,LogReg,CTT_Forester,in_f0,0.3353493201068953,0.5171836043557453,62883,1.0
FS-A,RandomForest,CTT_Forester,in_f0,0.5329775379770032,0.6986817129688261,62883,1.0
FS-A,ExtraTrees,CTT_Forester,in_f0,0.5615469821337333,0.738857328810288,62883,1.0
FS-A,HistGB,CTT_Forester,in_f0,0.4736433002499052,0.6571684273881799,62883,1.0
FS-A,XGBoost,CTT_Forester,in_f0,0.4207225168442495,0.607517669847588,62883,1.0
FS-A,LightGBM,CTT_Forester,in_f0,0.4556653152896615,0.6298121940538713,62883,1.0
FS-A,CatBoost,CTT_Forester,in_f0,0.511492446043732,0.6658214891286771,62883,1.0
FS-A,NN:MLP,CTT_Forester,in_f0,0.44798798289690944,0.6172720878060893,62883,1.0
FS-A,NN:CNN1D,CTT_Forester,in_f0,0.22464726066839816,0.5149340811439261,62883,1.0
FS-A,NN:LSTM,CTT_Forester,in_f0,0.5184280714882934,0.7175782058078208,62883,1.0
FS-A,NN:Transformer,CTT_Forester,in_f0,0.534490665767449,0.6912117747381374,62883,1.0
FS-A,Ens:RankAvg-Trees,CTT_Forester,in_f0,0.4397723352105371,0.6214594239829583,62883,1.0
FS-A,Ens:Stack-Trees,CTT_Forester,in_f0,0.4707152954092392,0.6433895949269528,62883,1.0
FS-A,Ens:RankAvg-Hybrid,CTT_Forester,in_f0,0.44855837968149964,0.6247136143600523,62883,1.0
FS-A,IForest,CTT_Impala,in_f0,0.10919662120754936,0.4420008915723411,49186,1.0
FS-A,IForest@target,CTT_Impala,in_f0,0.5713826084372037,0.7695667681514682,49186,1.0
FS-A,LogReg,CTT_Impala,in_f0,0.5786675912995836,0.7627167300573267,49186,1.0
FS-A,RandomForest,CTT_Impala,in_f0,0.4324602884563373,0.658828331709139,49186,1.0
FS-A,ExtraTrees,CTT_Impala,in_f0,0.4388895598010634,0.6687182071221821,49186,1.0
FS-A,HistGB,CTT_Impala,in_f0,0.3016091853263613,0.623168573414625,49186,1.0
FS-A,XGBoost,CTT_Impala,in_f0,0.25967331887749473,0.5964157006920571,49186,1.0
FS-A,LightGBM,CTT_Impala,in_f0,0.4418465597291172,0.6629989404994565,49186,1.0
FS-A,CatBoost,CTT_Impala,in_f0,0.40148627354124933,0.6674103234988659,49186,1.0
FS-A,NN:MLP,CTT_Impala,in_f0,0.5298569555819211,0.6955520011379954,49186,1.0
FS-A,NN:CNN1D,CTT_Impala,in_f0,0.1333037055848306,0.5225359666099284,49186,1.0
FS-A,NN:LSTM,CTT_Impala,in_f0,0.7978687519767591,0.8980687101792176,49186,1.0
FS-A,NN:Transformer,CTT_Impala,in_f0,0.6050590735003758,0.8409967882717952,49186,1.0
FS-A,Ens:RankAvg-Trees,CTT_Impala,in_f0,0.4374838096513852,0.6553786462986482,49186,1.0
FS-A,Ens:Stack-Trees,CTT_Impala,in_f0,0.43461295332134064,0.666288523128485,49186,1.0
FS-A,Ens:RankAvg-Hybrid,CTT_Impala,in_f0,0.5563058756994979,0.714397354507259,49186,1.0
FS-A,IForest,CTT_Silverado,in_f0,0.6927223768136667,0.8528483318296582,59344,1.0
FS-A,IForest@target,CTT_Silverado,in_f0,0.8186348914618186,0.8882920684357765,59344,1.0
FS-A,LogReg,CTT_Silverado,in_f0,0.7465724357282804,0.8584937701642074,59344,1.0
FS-A,RandomForest,CTT_Silverado,in_f0,0.828657916235832,0.8768891698652904,59344,1.0
FS-A,ExtraTrees,CTT_Silverado,in_f0,0.80862527361668,0.9007020098492613,59344,1.0
FS-A,HistGB,CTT_Silverado,in_f0,0.8147782263000347,0.8490609473228901,59344,1.0
FS-A,XGBoost,CTT_Silverado,in_f0,0.8276038747327299,0.8543493972800524,59344,1.0
FS-A,LightGBM,CTT_Silverado,in_f0,0.8149545571050055,0.8474718240828907,59344,1.0
FS-A,CatBoost,CTT_Silverado,in_f0,0.8338789047871699,0.8850335656643934,59344,1.0
FS-A,NN:MLP,CTT_Silverado,in_f0,0.7414709424475434,0.8464427402793275,59344,1.0
FS-A,NN:CNN1D,CTT_Silverado,in_f0,0.1824296428396734,0.49583592783571534,59344,1.0
FS-A,NN:LSTM,CTT_Silverado,in_f0,0.5977433432997336,0.7915689069531906,59344,1.0
FS-A,NN:Transformer,CTT_Silverado,in_f0,0.14684198260749476,0.25577836113049096,59344,1.0
FS-A,Ens:RankAvg-Trees,CTT_Silverado,in_f0,0.8278442919308192,0.8558623368398885,59344,1.0
FS-A,Ens:Stack-Trees,CTT_Silverado,in_f0,0.8206083127930992,0.880547422011531,59344,1.0
FS-A,Ens:RankAvg-Hybrid,CTT_Silverado,in_f0,0.831525817512599,0.8638665348204946,59344,1.0
FS-A,IForest,CTT_Traverse,in_f0,0.5876165159029356,0.7563888240068587,61532,1.0
FS-A,IForest@target,CTT_Traverse,in_f0,0.6902717394706468,0.7894777283005749,61532,1.0
FS-A,LogReg,CTT_Traverse,in_f0,0.6951805070049527,0.7784115702324186,61532,1.0
FS-A,RandomForest,CTT_Traverse,in_f0,0.7365071594838939,0.8180875031658954,61532,1.0
FS-A,ExtraTrees,CTT_Traverse,in_f0,0.6631729514040859,0.7586587021412686,61532,1.0
FS-A,HistGB,CTT_Traverse,in_f0,0.7646319022614588,0.83320833407138,61532,1.0
FS-A,XGBoost,CTT_Traverse,in_f0,0.7552011974017272,0.820915561668356,61532,1.0
FS-A,LightGBM,CTT_Traverse,in_f0,0.7545428742409235,0.8268919423986504,61532,1.0
FS-A,CatBoost,CTT_Traverse,in_f0,0.7514091859721065,0.8240892931696903,61532,1.0
FS-A,NN:MLP,CTT_Traverse,in_f0,0.737802054614743,0.8219441380510845,61532,1.0
FS-A,NN:CNN1D,CTT_Traverse,in_f0,0.19239188507954652,0.498392340718171,61532,1.0
FS-A,NN:LSTM,CTT_Traverse,in_f0,0.7491942480380972,0.8333404487216116,61532,1.0
FS-A,NN:Transformer,CTT_Traverse,in_f0,0.609734328241829,0.7050065490949823,61532,1.0
FS-A,Ens:RankAvg-Trees,CTT_Traverse,in_f0,0.7580242701544979,0.8249674929676454,61532,1.0
FS-A,Ens:Stack-Trees,CTT_Traverse,in_f0,0.4802980129927141,0.7895574390280032,61532,1.0
FS-A,Ens:RankAvg-Hybrid,CTT_Traverse,in_f0,0.7614301680915977,0.8343050748276427,61532,1.0
FS-A,IForest,ROAD_ORNL,in_f0,0.09143361355914419,0.44583745538799435,113006,1.0
FS-A,IForest@target,ROAD_ORNL,in_f0,0.12989149157946456,0.5790219259784781,113006,1.0
FS-A,LogReg,ROAD_ORNL,in_f0,0.10510754188425081,0.4918664859573589,113006,1.0
FS-A,RandomForest,ROAD_ORNL,in_f0,0.11923608375245318,0.5186436622491322,113006,1.0
FS-A,ExtraTrees,ROAD_ORNL,in_f0,0.09526957661820655,0.46467461379298325,113006,1.0
FS-A,HistGB,ROAD_ORNL,in_f0,0.11946401816876025,0.4969235056178697,113006,1.0
FS-A,XGBoost,ROAD_ORNL,in_f0,0.10483374229655741,0.48385127340464573,113006,1.0
FS-A,LightGBM,ROAD_ORNL,in_f0,0.10979667904644766,0.5083968235882192,113006,1.0
FS-A,CatBoost,ROAD_ORNL,in_f0,0.11769239502047177,0.5304379031809427,113006,1.0
FS-A,NN:MLP,ROAD_ORNL,in_f0,0.08699956357793656,0.4209276298126359,113006,1.0
FS-A,NN:CNN1D,ROAD_ORNL,in_f0,0.10512200950585486,0.500113716144726,113006,1.0
FS-A,NN:LSTM,ROAD_ORNL,in_f0,0.19035867443408389,0.6444924655318561,113006,1.0
FS-A,NN:Transformer,ROAD_ORNL,in_f0,0.11479510144408553,0.489062237444497,113006,1.0
FS-A,Ens:RankAvg-Trees,ROAD_ORNL,in_f0,0.1104220023474596,0.5025204399973536,113006,1.0
FS-A,Ens:Stack-Trees,ROAD_ORNL,in_f0,0.09584408883767322,0.4685220872431748,113006,1.0
FS-A,Ens:RankAvg-Hybrid,ROAD_ORNL,in_f0,0.0997544203170196,0.4717168931059989,113006,1.0
FS-B,IForest,CIDv2_OpelAstra,in_f0,0.8461090979759863,0.9841766006321042,29734,1.0
FS-B,IForest@target,CIDv2_OpelAstra,in_f0,0.7046773562422144,0.9488476959855807,29734,1.0
FS-B,LogReg,CIDv2_OpelAstra,in_f0,0.721252343471894,0.9084399402073315,29734,1.0
FS-B,RandomForest,CIDv2_OpelAstra,in_f0,0.8440200269828937,0.9943036510583338,29734,1.0
FS-B,ExtraTrees,CIDv2_OpelAstra,in_f0,0.7080027039877868,0.9449503796402726,29734,1.0
FS-B,HistGB,CIDv2_OpelAstra,in_f0,0.9382222313714592,0.998296232738105,29734,1.0
FS-B,XGBoost,CIDv2_OpelAstra,in_f0,0.9246719688614992,0.9970226704873534,29734,1.0
FS-B,LightGBM,CIDv2_OpelAstra,in_f0,0.9315425404285973,0.998012739220141,29734,1.0
FS-B,CatBoost,CIDv2_OpelAstra,in_f0,0.7815917462074038,0.988802869472461,29734,1.0
FS-B,NN:MLP,CIDv2_OpelAstra,in_f0,0.844570422885673,0.9954089160150453,29734,1.0
FS-B,NN:CNN1D,CIDv2_OpelAstra,in_f0,0.8667787500907042,0.9911351433027354,29734,1.0
FS-B,NN:LSTM,CIDv2_OpelAstra,in_f0,0.7210228550039095,0.9520359187726314,29734,1.0
FS-B,NN:Transformer,CIDv2_OpelAstra,in_f0,0.8048730603707189,0.9874557715934458,29734,1.0
FS-B,Ens:RankAvg-Trees,CIDv2_OpelAstra,in_f0,0.9173377165003002,0.9973593010517681,29734,1.0
FS-B,Ens:Stack-Trees,CIDv2_OpelAstra,in_f0,0.8701579581136732,0.9962246434295521,29734,1.0
FS-B,Ens:RankAvg-Hybrid,CIDv2_OpelAstra,in_f0,0.9215248733485791,0.9984476211548043,29734,1.0
FS-B,Rule:Periodicity,CIDv2_OpelAstra,in_f0,0.016808087113313108,0.15098774825919511,29734,1.0
FS-B,Rule:UnseenID,CIDv2_OpelAstra,in_f0,0.6851119930046412,0.8400000000000001,29734,1.0
FS-B,Rule:BusLoad,CIDv2_OpelAstra,in_f0,0.6713792846033361,0.8131265413610926,29734,1.0
FS-B,Rule:IDEntropy,CIDv2_OpelAstra,in_f0,0.6851010649961754,0.8510348053050703,29734,1.0
FS-B,Rule:Hamming,CIDv2_OpelAstra,in_f0,0.016111439356767815,0.2761952147877127,29734,1.0
FS-B,Rule:Staleness,CIDv2_OpelAstra,in_f0,0.9723211177101091,0.9840936032277967,29734,1.0
FS-B,Rule:Combined,CIDv2_OpelAstra,in_f0,0.8232721025141846,0.9951356757524901,29734,1.0
FS-B,Rule:CombinedQ,CIDv2_OpelAstra,in_f0,0.6892552562545801,0.8421052631578947,29734,1.0
FS-B,Rule:Periodicity@target,CIDv2_OpelAstra,in_f0,0.016808087113313108,0.15098774825919511,29734,1.0
FS-B,Rule:UnseenID@target,CIDv2_OpelAstra,in_f0,0.6851119930046412,0.8400000000000001,29734,1.0
FS-B,Rule:BusLoad@target,CIDv2_OpelAstra,in_f0,0.6713792846033361,0.8131265413610926,29734,1.0
FS-B,Rule:IDEntropy@target,CIDv2_OpelAstra,in_f0,0.6851010649961754,0.8510348053050703,29734,1.0
FS-B,Rule:Hamming@target,CIDv2_OpelAstra,in_f0,0.016111439356767815,0.2761952147877127,29734,1.0
FS-B,Rule:Staleness@target,CIDv2_OpelAstra,in_f0,0.9723211177101091,0.9840936032277967,29734,1.0
FS-B,Rule:Combined@target,CIDv2_OpelAstra,in_f0,0.8076468752167493,0.9941571913994974,29734,1.0
FS-B,Rule:CombinedQ@target,CIDv2_OpelAstra,in_f0,0.9870781261203898,0.9987937854479323,29734,1.0
FS-B,IForest,CIDv2_Prototype,in_f0,0.1259429381041194,0.20247064624345648,2994,1.0
FS-B,IForest@target,CIDv2_Prototype,in_f0,0.9566063193710159,0.98905032686967,2994,1.0
FS-B,LogReg,CIDv2_Prototype,in_f0,0.7970558750959958,0.9423055064022218,2994,1.0
FS-B,RandomForest,CIDv2_Prototype,in_f0,0.960529225665829,0.9684331914030818,2994,1.0
FS-B,ExtraTrees,CIDv2_Prototype,in_f0,0.9409872998376827,0.9514464904519648,2994,1.0
FS-B,HistGB,CIDv2_Prototype,in_f0,0.9576081791168548,0.9680941102017744,2994,1.0
FS-B,XGBoost,CIDv2_Prototype,in_f0,0.9594045108558733,0.9632521228096045,2994,1.0
FS-B,LightGBM,CIDv2_Prototype,in_f0,0.9657517592647926,0.9709008423652585,2994,1.0
FS-B,CatBoost,CIDv2_Prototype,in_f0,0.9453037995249445,0.9734894566098945,2994,1.0
FS-B,NN:MLP,CIDv2_Prototype,in_f0,0.9328325083757049,0.9376666605225,2994,1.0
FS-B,NN:CNN1D,CIDv2_Prototype,in_f0,0.9422822918564403,0.939060234338519,2994,1.0
FS-B,NN:LSTM,CIDv2_Prototype,in_f0,0.9433766090641532,0.939148172724815,2994,1.0
FS-B,NN:Transformer,CIDv2_Prototype,in_f0,0.9419691785333058,0.9376720366683868,2994,1.0
FS-B,Ens:RankAvg-Trees,CIDv2_Prototype,in_f0,0.9626800789943714,0.967390603111406,2994,1.0
FS-B,Ens:Stack-Trees,CIDv2_Prototype,in_f0,0.9622818532203603,0.9667178168546782,2994,1.0
FS-B,Ens:RankAvg-Hybrid,CIDv2_Prototype,in_f0,0.9439931791690875,0.9427709270318759,2994,1.0
FS-B,Rule:Periodicity,CIDv2_Prototype,in_f0,0.1578150721879061,0.2771783375113667,2994,1.0
FS-B,Rule:UnseenID,CIDv2_Prototype,in_f0,0.6802126981235197,0.8058712121212122,2994,1.0
FS-B,Rule:BusLoad,CIDv2_Prototype,in_f0,0.9135667559131799,0.9289473199144731,2994,1.0
FS-B,Rule:IDEntropy,CIDv2_Prototype,in_f0,0.7127031295832851,0.7559064642778147,2994,1.0
FS-B,Rule:Hamming,CIDv2_Prototype,in_f0,0.1284187666274214,0.12278118779031189,2994,1.0
FS-B,Rule:Staleness,CIDv2_Prototype,in_f0,0.734338568488461,0.8250913176779965,2994,1.0
FS-B,Rule:Combined,CIDv2_Prototype,in_f0,0.7619081777949199,0.9020197412076973,2994,1.0
FS-B,Rule:CombinedQ,CIDv2_Prototype,in_f0,0.969932593063868,0.9882108800904421,2994,1.0
FS-B,Rule:Periodicity@target,CIDv2_Prototype,in_f0,0.1578150721879061,0.2771783375113667,2994,1.0
FS-B,Rule:UnseenID@target,CIDv2_Prototype,in_f0,0.6802126981235197,0.8058712121212122,2994,1.0
FS-B,Rule:BusLoad@target,CIDv2_Prototype,in_f0,0.9135667559131799,0.9289473199144731,2994,1.0
FS-B,Rule:IDEntropy@target,CIDv2_Prototype,in_f0,0.7127031295832851,0.7559064642778147,2994,1.0
FS-B,Rule:Hamming@target,CIDv2_Prototype,in_f0,0.1284187666274214,0.12278118779031189,2994,1.0
FS-B,Rule:Staleness@target,CIDv2_Prototype,in_f0,0.734338568488461,0.8250913176779965,2994,1.0
FS-B,Rule:Combined@target,CIDv2_Prototype,in_f0,0.8627286033121623,0.9585760279190936,2994,1.0
FS-B,Rule:CombinedQ@target,CIDv2_Prototype,in_f0,0.845566132264529,0.9061739659367397,2994,1.0
FS-B,IForest,CIDv2_RenaultClio,in_f0,0.8452149613417799,0.9456848443713901,4540,1.0
FS-B,IForest@target,CIDv2_RenaultClio,in_f0,0.8831938222258442,0.9701735593702692,4540,1.0
FS-B,LogReg,CIDv2_RenaultClio,in_f0,0.7954411731617219,0.8418597848986352,4540,1.0
FS-B,RandomForest,CIDv2_RenaultClio,in_f0,0.9193015625219652,0.9888479761758893,4540,1.0
FS-B,ExtraTrees,CIDv2_RenaultClio,in_f0,0.8614160407379443,0.9663787656431839,4540,1.0
FS-B,HistGB,CIDv2_RenaultClio,in_f0,0.9165776260142243,0.9878298952161488,4540,1.0
FS-B,XGBoost,CIDv2_RenaultClio,in_f0,0.8915622207577094,0.9789788585861267,4540,1.0
FS-B,LightGBM,CIDv2_RenaultClio,in_f0,0.9386581897385816,0.9923042565722124,4540,1.0
FS-B,CatBoost,CIDv2_RenaultClio,in_f0,0.8901264034829959,0.9726394271191245,4540,1.0
FS-B,NN:MLP,CIDv2_RenaultClio,in_f0,0.8448265866486268,0.985695200225412,4540,1.0
FS-B,NN:CNN1D,CIDv2_RenaultClio,in_f0,0.8772836482689294,0.971501073699914,4540,1.0
FS-B,NN:LSTM,CIDv2_RenaultClio,in_f0,0.7688085729489902,0.8032517607492805,4540,1.0
FS-B,NN:Transformer,CIDv2_RenaultClio,in_f0,0.8164657558035707,0.9401963546716251,4540,1.0
FS-B,Ens:RankAvg-Trees,CIDv2_RenaultClio,in_f0,0.9165903027367533,0.9879298399359902,4540,1.0
FS-B,Ens:Stack-Trees,CIDv2_RenaultClio,in_f0,0.8942360366312164,0.979424374879657,4540,1.0
FS-B,Ens:RankAvg-Hybrid,CIDv2_RenaultClio,in_f0,0.9380351862486442,0.9924702664458471,4540,1.0
FS-B,Rule:Periodicity,CIDv2_RenaultClio,in_f0,0.08383762099895589,0.1554422723250812,4540,1.0
FS-B,Rule:UnseenID,CIDv2_RenaultClio,in_f0,0.7732084998517943,0.8747099767981439,4540,1.0
FS-B,Rule:BusLoad,CIDv2_RenaultClio,in_f0,0.7693061426531917,0.8290132181126937,4540,1.0
FS-B,Rule:IDEntropy,CIDv2_RenaultClio,in_f0,0.7798087634832253,0.879665427992088,4540,1.0
FS-B,Rule:Hamming,CIDv2_RenaultClio,in_f0,0.11140342361675808,0.20166472894370852,4540,1.0
FS-B,Rule:Staleness,CIDv2_RenaultClio,in_f0,0.9738600626360001,0.9782761399203491,4540,1.0
FS-B,Rule:Combined,CIDv2_RenaultClio,in_f0,0.9325714456574967,0.9920803691065789,4540,1.0
FS-B,Rule:CombinedQ,CIDv2_RenaultClio,in_f0,0.7753084211494629,0.8758700696055685,4540,1.0
FS-B,Rule:Periodicity@target,CIDv2_RenaultClio,in_f0,0.08383762099895589,0.1554422723250812,4540,1.0
FS-B,Rule:UnseenID@target,CIDv2_RenaultClio,in_f0,0.7732084998517943,0.8747099767981439,4540,1.0
FS-B,Rule:BusLoad@target,CIDv2_RenaultClio,in_f0,0.7693061426531917,0.8290132181126937,4540,1.0
FS-B,Rule:IDEntropy@target,CIDv2_RenaultClio,in_f0,0.7798087634832253,0.879665427992088,4540,1.0
FS-B,Rule:Hamming@target,CIDv2_RenaultClio,in_f0,0.11140342361675808,0.20166472894370852,4540,1.0
FS-B,Rule:Staleness@target,CIDv2_RenaultClio,in_f0,0.9738600626360001,0.9782761399203491,4540,1.0
FS-B,Rule:Combined@target,CIDv2_RenaultClio,in_f0,0.9436618914897482,0.9935250502688061,4540,1.0
FS-B,Rule:CombinedQ@target,CIDv2_RenaultClio,in_f0,0.9979000787023314,0.998838213214273,4540,1.0
FS-B,IForest,CTT_Forester,in_f0,0.8796749675342797,0.9603055616571636,62883,1.0
FS-B,IForest@target,CTT_Forester,in_f0,0.9724257383382192,0.9957782160958385,62883,1.0
FS-B,LogReg,CTT_Forester,in_f0,0.9712564630987539,0.9889282372663222,62883,1.0
FS-B,RandomForest,CTT_Forester,in_f0,0.9995333411427765,0.9997672775375313,62883,1.0
FS-B,ExtraTrees,CTT_Forester,in_f0,0.9994744212253168,0.9997084249368374,62883,1.0
FS-B,HistGB,CTT_Forester,in_f0,0.9997293991940377,0.9998570946197965,62883,1.0
FS-B,XGBoost,CTT_Forester,in_f0,0.9996257170843914,0.9997310457267827,62883,1.0
FS-B,LightGBM,CTT_Forester,in_f0,0.999667818419817,0.999815845074328,62883,1.0
FS-B,CatBoost,CTT_Forester,in_f0,0.9996383227041842,0.9998418398201134,62883,1.0
FS-B,NN:MLP,CTT_Forester,in_f0,0.9990707102397234,0.9995984298411471,62883,1.0
FS-B,NN:CNN1D,CTT_Forester,in_f0,0.9972328625889961,0.9993305212062467,62883,1.0
FS-B,NN:LSTM,CTT_Forester,in_f0,0.9910998682979603,0.9950744136335757,62883,1.0
FS-B,NN:Transformer,CTT_Forester,in_f0,0.9970566151963453,0.9984809193972806,62883,1.0
FS-B,Ens:RankAvg-Trees,CTT_Forester,in_f0,0.9996781592076271,0.9998056153938164,62883,1.0
FS-B,Ens:Stack-Trees,CTT_Forester,in_f0,0.9995224537129442,0.999736447452975,62883,1.0
FS-B,Ens:RankAvg-Hybrid,CTT_Forester,in_f0,0.9997764305188078,0.9999049340496861,62883,1.0
FS-B,Rule:Periodicity,CTT_Forester,in_f0,0.9320863031906863,0.9418303982920532,62883,1.0
FS-B,Rule:UnseenID,CTT_Forester,in_f0,0.334294387803618,0.5736243021822663,62883,1.0
FS-B,Rule:BusLoad,CTT_Forester,in_f0,0.7488191210309318,0.8557571051308246,62883,1.0
FS-B,Rule:IDEntropy,CTT_Forester,in_f0,0.5938676581391782,0.7171939004963193,62883,1.0
FS-B,Rule:Hamming,CTT_Forester,in_f0,0.7253849705896308,0.8140671221819661,62883,1.0
FS-B,Rule:Staleness,CTT_Forester,in_f0,0.2142890339962554,0.4844420036042917,62883,1.0
FS-B,Rule:Combined,CTT_Forester,in_f0,0.9359499879764025,0.9793489400956614,62883,1.0
FS-B,Rule:CombinedQ,CTT_Forester,in_f0,0.40455398375575946,0.6186549651566876,62883,1.0
FS-B,Rule:Periodicity@target,CTT_Forester,in_f0,0.9320863033407462,0.9418303982920532,62883,1.0
FS-B,Rule:UnseenID@target,CTT_Forester,in_f0,0.334294387803618,0.5736243021822663,62883,1.0
FS-B,Rule:BusLoad@target,CTT_Forester,in_f0,0.7488191210309318,0.8557571051308246,62883,1.0
FS-B,Rule:IDEntropy@target,CTT_Forester,in_f0,0.5938676581391782,0.7171939004963193,62883,1.0
FS-B,Rule:Hamming@target,CTT_Forester,in_f0,0.7253849705896308,0.8140671221819661,62883,1.0
FS-B,Rule:Staleness@target,CTT_Forester,in_f0,0.2142890339962554,0.4844420036042917,62883,1.0
FS-B,Rule:Combined@target,CTT_Forester,in_f0,0.9711948682341736,0.9938441256327349,62883,1.0
FS-B,Rule:CombinedQ@target,CTT_Forester,in_f0,0.7361967472838516,0.8310340408883277,62883,1.0
FS-B,IForest,CTT_Impala,in_f0,0.6679150901219191,0.829271894223793,49186,1.0
FS-B,IForest@target,CTT_Impala,in_f0,0.8067837009624677,0.8952130293717253,49186,1.0
FS-B,LogReg,CTT_Impala,in_f0,0.9532186565659876,0.9866867324426732,49186,1.0
FS-B,RandomForest,CTT_Impala,in_f0,0.9997813859035046,0.999950500696083,49186,1.0
FS-B,ExtraTrees,CTT_Impala,in_f0,0.9989390339152844,0.9997806346470407,49186,1.0
FS-B,HistGB,CTT_Impala,in_f0,0.9959255074476441,0.999308790269032,49186,1.0
FS-B,XGBoost,CTT_Impala,in_f0,0.9983617359994583,0.9996916288129822,49186,1.0
FS-B,LightGBM,CTT_Impala,in_f0,0.9927423335377312,0.9983004288882217,49186,1.0
FS-B,CatBoost,CTT_Impala,in_f0,0.9998436695143559,0.9999121583546253,49186,1.0
FS-B,NN:MLP,CTT_Impala,in_f0,0.9395760381580363,0.9704375938728924,49186,1.0
FS-B,NN:CNN1D,CTT_Impala,in_f0,0.8554187524750405,0.8629356852605047,49186,1.0
FS-B,NN:LSTM,CTT_Impala,in_f0,0.6172460158344264,0.7304708838205473,49186,1.0
FS-B,NN:Transformer,CTT_Impala,in_f0,0.8806686774779807,0.888208801982362,49186,1.0
FS-B,Ens:RankAvg-Trees,CTT_Impala,in_f0,0.9986263783065291,0.9997067984321455,49186,1.0
FS-B,Ens:Stack-Trees,CTT_Impala,in_f0,0.9970062857379928,0.9994248833866991,49186,1.0
FS-B,Ens:RankAvg-Hybrid,CTT_Impala,in_f0,0.8892863190343049,0.9067026036844859,49186,1.0
FS-B,Rule:Periodicity,CTT_Impala,in_f0,0.7975013034652457,0.8547062353460988,49186,1.0
FS-B,Rule:UnseenID,CTT_Impala,in_f0,0.3693385725549394,0.6383552944911891,49186,1.0
FS-B,Rule:BusLoad,CTT_Impala,in_f0,0.5492833563463004,0.7663192092173033,49186,1.0
FS-B,Rule:IDEntropy,CTT_Impala,in_f0,0.4639334679529675,0.6489764599308299,49186,1.0
FS-B,Rule:Hamming,CTT_Impala,in_f0,0.17411505070851802,0.4749898585099119,49186,1.0
FS-B,Rule:Staleness,CTT_Impala,in_f0,0.11628430542981225,0.4659315488222255,49186,1.0
FS-B,Rule:Combined,CTT_Impala,in_f0,0.9987005971543302,0.9997029505016622,49186,1.0
FS-B,Rule:CombinedQ,CTT_Impala,in_f0,0.5839345170362512,0.7614525507064972,49186,1.0
FS-B,Rule:Periodicity@target,CTT_Impala,in_f0,0.7975014342574754,0.8547062353460989,49186,1.0
FS-B,Rule:UnseenID@target,CTT_Impala,in_f0,0.3693385725549394,0.6383552944911891,49186,1.0
FS-B,Rule:BusLoad@target,CTT_Impala,in_f0,0.5492833563463004,0.7663192092173033,49186,1.0
FS-B,Rule:IDEntropy@target,CTT_Impala,in_f0,0.4639334679529675,0.6489764599308299,49186,1.0
FS-B,Rule:Hamming@target,CTT_Impala,in_f0,0.17411505070851802,0.4749898585099119,49186,1.0
FS-B,Rule:Staleness@target,CTT_Impala,in_f0,0.11628430542981225,0.4659315488222255,49186,1.0
FS-B,Rule:Combined@target,CTT_Impala,in_f0,0.8026861860853725,0.9623525921964052,49186,1.0
FS-B,Rule:CombinedQ@target,CTT_Impala,in_f0,0.7648113515335626,0.8648969341537064,49186,1.0
FS-B,IForest,CTT_Silverado,in_f0,0.9322425389536326,0.9728480714325214,59344,1.0
FS-B,IForest@target,CTT_Silverado,in_f0,0.9611358145769897,0.9769218388166341,59344,1.0
FS-B,LogReg,CTT_Silverado,in_f0,0.9903207231219664,0.9916513070231854,59344,1.0
FS-B,RandomForest,CTT_Silverado,in_f0,0.9967066282146327,0.9983555617798363,59344,1.0
FS-B,ExtraTrees,CTT_Silverado,in_f0,0.9965509484780541,0.997902156391301,59344,1.0
FS-B,HistGB,CTT_Silverado,in_f0,0.9949861124680849,0.9958743160550837,59344,1.0
FS-B,XGBoost,CTT_Silverado,in_f0,0.9949594873840378,0.9969684802048937,59344,1.0
FS-B,LightGBM,CTT_Silverado,in_f0,0.9955188544287736,0.9968751169419868,59344,1.0
FS-B,CatBoost,CTT_Silverado,in_f0,0.9958858066742189,0.9972799757821194,59344,1.0
FS-B,NN:MLP,CTT_Silverado,in_f0,0.9758209111209896,0.9839364206775402,59344,1.0
FS-B,NN:CNN1D,CTT_Silverado,in_f0,0.9713907772738156,0.9877576037857765,59344,1.0
FS-B,NN:LSTM,CTT_Silverado,in_f0,0.974231194426811,0.9829967610383766,59344,1.0
FS-B,NN:Transformer,CTT_Silverado,in_f0,0.9715235607216411,0.9829075830676335,59344,1.0
FS-B,Ens:RankAvg-Trees,CTT_Silverado,in_f0,0.9961579028954787,0.9975628058956183,59344,1.0
FS-B,Ens:Stack-Trees,CTT_Silverado,in_f0,0.9966652724428597,0.997850882774701,59344,1.0
FS-B,Ens:RankAvg-Hybrid,CTT_Silverado,in_f0,0.9945886662814774,0.996358052502123,59344,1.0
FS-B,Rule:Periodicity,CTT_Silverado,in_f0,0.8597051696588386,0.893963708403688,59344,1.0
FS-B,Rule:UnseenID,CTT_Silverado,in_f0,0.4270745471590304,0.6490825688073394,59344,1.0
FS-B,Rule:BusLoad,CTT_Silverado,in_f0,0.8261901289846464,0.905737122746097,59344,1.0
FS-B,Rule:IDEntropy,CTT_Silverado,in_f0,0.6867658912997374,0.7086904126129935,59344,1.0
FS-B,Rule:Hamming,CTT_Silverado,in_f0,0.30679141281894023,0.43811595190966746,59344,1.0
FS-B,Rule:Staleness,CTT_Silverado,in_f0,0.1856556876952412,0.491547898112187,59344,1.0
FS-B,Rule:Combined,CTT_Silverado,in_f0,0.9919205394196045,0.9983660742489767,59344,1.0
FS-B,Rule:CombinedQ,CTT_Silverado,in_f0,0.4306692065469782,0.6512771949300772,59344,1.0
FS-B,Rule:Periodicity@target,CTT_Silverado,in_f0,0.8597051697420713,0.8939637074567892,59344,1.0
FS-B,Rule:UnseenID@target,CTT_Silverado,in_f0,0.4270745471590304,0.6490825688073394,59344,1.0
FS-B,Rule:BusLoad@target,CTT_Silverado,in_f0,0.8261901289846464,0.905737122746097,59344,1.0
FS-B,Rule:IDEntropy@target,CTT_Silverado,in_f0,0.6867658912997374,0.7086904126129935,59344,1.0
FS-B,Rule:Hamming@target,CTT_Silverado,in_f0,0.30679141281894023,0.43811595190966746,59344,1.0
FS-B,Rule:Staleness@target,CTT_Silverado,in_f0,0.1856556876952412,0.491547898112187,59344,1.0
FS-B,Rule:Combined@target,CTT_Silverado,in_f0,0.9918324740786942,0.998520931952831,59344,1.0
FS-B,Rule:CombinedQ@target,CTT_Silverado,in_f0,0.887736568129593,0.9312300157033678,59344,1.0
FS-B,IForest,CTT_Traverse,in_f0,0.8931225764356661,0.9484185063745517,61532,1.0
FS-B,IForest@target,CTT_Traverse,in_f0,0.9173384090666501,0.9605787518787403,61532,1.0
FS-B,LogReg,CTT_Traverse,in_f0,0.9832195339980899,0.9919710122661145,61532,1.0
FS-B,RandomForest,CTT_Traverse,in_f0,0.9996593768538489,0.9997843227274656,61532,1.0
FS-B,ExtraTrees,CTT_Traverse,in_f0,0.9995152134022195,0.9996638562209063,61532,1.0
FS-B,HistGB,CTT_Traverse,in_f0,0.9998671659992807,0.9999581677939594,61532,1.0
FS-B,XGBoost,CTT_Traverse,in_f0,0.9997298897841612,0.9998873407694647,61532,1.0
FS-B,LightGBM,CTT_Traverse,in_f0,0.9998448000262644,0.9999269217249004,61532,1.0
FS-B,CatBoost,CTT_Traverse,in_f0,0.9997139709338942,0.9998662736782725,61532,1.0
FS-B,NN:MLP,CTT_Traverse,in_f0,0.9991224413206496,0.9995622954692384,61532,1.0
FS-B,NN:CNN1D,CTT_Traverse,in_f0,0.9991064674286597,0.9995905540082934,61532,1.0
FS-B,NN:LSTM,CTT_Traverse,in_f0,0.9969703820302314,0.9983469068504618,61532,1.0
FS-B,NN:Transformer,CTT_Traverse,in_f0,0.999093531036059,0.999568803229088,61532,1.0
FS-B,Ens:RankAvg-Trees,CTT_Traverse,in_f0,0.9998252301487872,0.9999224455193834,61532,1.0
FS-B,Ens:Stack-Trees,CTT_Traverse,in_f0,0.9995590818020383,0.9997019086331655,61532,1.0
FS-B,Ens:RankAvg-Hybrid,CTT_Traverse,in_f0,0.999792345359536,0.9998920841731506,61532,1.0
FS-B,Rule:Periodicity,CTT_Traverse,in_f0,0.8115133856745266,0.8521813406214995,61532,1.0
FS-B,Rule:UnseenID,CTT_Traverse,in_f0,0.5712512368563212,0.7343921139101862,61532,1.0
FS-B,Rule:BusLoad,CTT_Traverse,in_f0,0.7195715239974885,0.8223229588913818,61532,1.0
FS-B,Rule:IDEntropy,CTT_Traverse,in_f0,0.2773197871031552,0.3975825702864741,61532,1.0
FS-B,Rule:Hamming,CTT_Traverse,in_f0,0.5786084002311589,0.7114536023688531,61532,1.0
FS-B,Rule:Staleness,CTT_Traverse,in_f0,0.18244481542137447,0.4824803317930125,61532,1.0
FS-B,Rule:Combined,CTT_Traverse,in_f0,0.8477277383864601,0.9261169503109818,61532,1.0
FS-B,Rule:CombinedQ,CTT_Traverse,in_f0,0.7156181875548191,0.8238267756340045,61532,1.0
FS-B,Rule:Periodicity@target,CTT_Traverse,in_f0,0.8115133856745266,0.8521813397732514,61532,1.0
FS-B,Rule:UnseenID@target,CTT_Traverse,in_f0,0.5712512368563212,0.7343921139101862,61532,1.0
FS-B,Rule:BusLoad@target,CTT_Traverse,in_f0,0.7195715239974885,0.8223229588913818,61532,1.0
FS-B,Rule:IDEntropy@target,CTT_Traverse,in_f0,0.2773197871031552,0.3975825702864741,61532,1.0
FS-B,Rule:Hamming@target,CTT_Traverse,in_f0,0.5786084002311589,0.7114536023688531,61532,1.0
FS-B,Rule:Staleness@target,CTT_Traverse,in_f0,0.18244481542137447,0.4824803317930125,61532,1.0
FS-B,Rule:Combined@target,CTT_Traverse,in_f0,0.9995907683054597,0.9998544253480355,61532,1.0
FS-B,Rule:CombinedQ@target,CTT_Traverse,in_f0,0.7581870576147626,0.8501979947763081,61532,1.0
FS-B,IForest,ROAD_ORNL,in_f0,0.162206903281627,0.6702762233513048,113006,1.0
FS-B,IForest@target,ROAD_ORNL,in_f0,0.16956722952618775,0.6526560913262159,113006,1.0
FS-B,LogReg,ROAD_ORNL,in_f0,0.30250675632323004,0.7401170547922227,113006,1.0
FS-B,RandomForest,ROAD_ORNL,in_f0,0.27616075885792285,0.7496036157440491,113006,1.0
FS-B,ExtraTrees,ROAD_ORNL,in_f0,0.4006764892354035,0.7776231758117853,113006,1.0
FS-B,HistGB,ROAD_ORNL,in_f0,0.3460252395236687,0.7617683375820272,113006,1.0
FS-B,XGBoost,ROAD_ORNL,in_f0,0.3211519792576852,0.7590883171645986,113006,1.0
FS-B,LightGBM,ROAD_ORNL,in_f0,0.33800029193870185,0.7665157900352091,113006,1.0
FS-B,CatBoost,ROAD_ORNL,in_f0,0.2965937613662848,0.7526630375726234,113006,1.0
FS-B,NN:MLP,ROAD_ORNL,in_f0,0.23654846593862153,0.708075905122603,113006,1.0
FS-B,NN:CNN1D,ROAD_ORNL,in_f0,0.3864964074065581,0.77291631667245,113006,1.0
FS-B,NN:LSTM,ROAD_ORNL,in_f0,0.47382628128029813,0.8028205164767489,113006,1.0
FS-B,NN:Transformer,ROAD_ORNL,in_f0,0.5906383296016758,0.8188533830755578,113006,1.0
FS-B,Ens:RankAvg-Trees,ROAD_ORNL,in_f0,0.3276893984754941,0.7618009091435325,113006,1.0
FS-B,Ens:Stack-Trees,ROAD_ORNL,in_f0,0.3365408009546464,0.7685585619470933,113006,1.0
FS-B,Ens:RankAvg-Hybrid,ROAD_ORNL,in_f0,0.39744535030221584,0.7749699681119651,113006,1.0
FS-B,Rule:Periodicity,ROAD_ORNL,in_f0,0.10509907622052712,0.4521247058904847,113006,1.0
FS-B,Rule:UnseenID,ROAD_ORNL,in_f0,0.11414228511302671,0.5050517807527153,113006,1.0
FS-B,Rule:BusLoad,ROAD_ORNL,in_f0,0.12779582538290424,0.5766699311244019,113006,1.0
FS-B,Rule:IDEntropy,ROAD_ORNL,in_f0,0.12343724756368518,0.5468017904914224,113006,1.0
FS-B,Rule:Hamming,ROAD_ORNL,in_f0,0.09455593045676015,0.493100443354967,113006,1.0
FS-B,Rule:Staleness,ROAD_ORNL,in_f0,0.09695575293655724,0.4806792106875105,113006,1.0
FS-B,Rule:Combined,ROAD_ORNL,in_f0,0.26168508741439844,0.7231165346571383,113006,1.0
FS-B,Rule:CombinedQ,ROAD_ORNL,in_f0,0.11414228511302671,0.5048902712822849,113006,1.0
FS-B,Rule:Periodicity@target,ROAD_ORNL,in_f0,0.10509907622052712,0.4521247058904847,113006,1.0
FS-B,Rule:UnseenID@target,ROAD_ORNL,in_f0,0.11414228511302671,0.5050517807527153,113006,1.0
FS-B,Rule:BusLoad@target,ROAD_ORNL,in_f0,0.12779582538290424,0.5766699311244019,113006,1.0
FS-B,Rule:IDEntropy@target,ROAD_ORNL,in_f0,0.12343724756368518,0.5468017904914224,113006,1.0
FS-B,Rule:Hamming@target,ROAD_ORNL,in_f0,0.09455593045676015,0.493100443354967,113006,1.0
FS-B,Rule:Staleness@target,ROAD_ORNL,in_f0,0.09695575293655724,0.4806792106875105,113006,1.0
FS-B,Rule:Combined@target,ROAD_ORNL,in_f0,0.10771995348308133,0.534761861227143,113006,1.0
FS-B,Rule:CombinedQ@target,ROAD_ORNL,in_f0,0.11414228511302671,0.5046945022272177,113006,1.0
