feature_set,model,test_domain,in_domain,cross_matched,cross_full
FS-A,HistGB,CIDv2_OpelAstra,0.974114352974576,0.6786393831008907,0.6805709747598734
FS-A,HistGB,CIDv2_Prototype,0.99872976620438,0.8928389321170936,0.9417810897403072
FS-A,HistGB,CIDv2_RenaultClio,0.9884814337555052,0.8040200328558775,0.780350501040913
FS-A,HistGB,CTT_Forester,0.996031694042676,0.40365457414484124,0.4736433002499052
FS-A,HistGB,CTT_Impala,0.9966213115934048,0.38816197721666795,0.3016091853263613
FS-A,HistGB,CTT_Silverado,0.9610495695730268,0.8237774460871351,0.8147782263000347
FS-A,HistGB,CTT_Traverse,0.9868543901576368,0.7593161991230847,0.7646319022614588
FS-A,HistGB,ROAD_ORNL,0.8687274741711175,0.11574267682480877,0.11946401816876025
FS-A,LightGBM,CIDv2_OpelAstra,0.977581154659342,0.6778383823781718,0.6797836321510535
FS-A,LightGBM,CIDv2_Prototype,0.9988922670694048,0.9057504146285383,0.943677152764363
FS-A,LightGBM,CIDv2_RenaultClio,0.9901116401718544,0.8094866004896324,0.7887676397534276
FS-A,LightGBM,CTT_Forester,0.9964743342670304,0.42545092715259064,0.4556653152896615
FS-A,LightGBM,CTT_Impala,0.9962427946933736,0.339181651304157,0.4418465597291172
FS-A,LightGBM,CTT_Silverado,0.9647136905575932,0.8216018145802176,0.8149545571050055
FS-A,LightGBM,CTT_Traverse,0.9870863034051032,0.7678230037930399,0.7545428742409235
FS-A,LightGBM,ROAD_ORNL,0.8908007057845476,0.11865191364596002,0.10979667904644766
FS-A,LogReg,CIDv2_OpelAstra,0.9350321816684674,0.661073209178639,0.6775585688015819
FS-A,LogReg,CIDv2_Prototype,0.9785019244217532,0.8947888528597926,0.9255252580996194
FS-A,LogReg,CIDv2_RenaultClio,0.9740399638199576,0.5496998025258527,0.07246753714365951
FS-A,LogReg,CTT_Forester,0.9856241586165722,0.3080236144496183,0.3353493201068953
FS-A,LogReg,CTT_Impala,0.9859754207865868,0.5772649877125322,0.5786675912995836
FS-A,LogReg,CTT_Silverado,0.9150211937112168,0.7426758471009004,0.7465724357282804
FS-A,LogReg,CTT_Traverse,0.954340004371097,0.6826452442133123,0.6951805070049527
FS-A,LogReg,ROAD_ORNL,0.5649386163682075,0.11018091050781816,0.10510754188425081
FS-A,RandomForest,CIDv2_OpelAstra,0.976198286196164,0.6736062308411298,0.6966373864642048
FS-A,RandomForest,CIDv2_Prototype,0.998649759085604,0.9415931538695054,0.9322692424085335
FS-A,RandomForest,CIDv2_RenaultClio,0.9875288522244408,0.8045868812619918,0.815431185547306
FS-A,RandomForest,CTT_Forester,0.995632555620836,0.5069001813789157,0.5329775379770032
FS-A,RandomForest,CTT_Impala,0.9937629963922208,0.40079025388649403,0.4324602884563373
FS-A,RandomForest,CTT_Silverado,0.952884840551424,0.8418613215657903,0.828657916235832
FS-A,RandomForest,CTT_Traverse,0.9684860071603376,0.7277007880958974,0.7365071594838939
FS-A,RandomForest,ROAD_ORNL,0.8116793920563916,0.11707819155406558,0.11923608375245318
FS-A,XGBoost,CIDv2_OpelAstra,0.975186572661177,0.6766318945440474,0.6806443616260731
FS-A,XGBoost,CIDv2_Prototype,0.9989405203587974,0.9150901246542334,0.9456131680475615
FS-A,XGBoost,CIDv2_RenaultClio,0.989493251796236,0.7827354031601964,0.7912460940380825
FS-A,XGBoost,CTT_Forester,0.9957759327198844,0.360357131163562,0.4207225168442495
FS-A,XGBoost,CTT_Impala,0.9957129963097278,0.3162572951861186,0.25967331887749473
FS-A,XGBoost,CTT_Silverado,0.9633247954549532,0.8306739138616849,0.8276038747327299
FS-A,XGBoost,CTT_Traverse,0.9879554476873114,0.7673030307430694,0.7552011974017272
FS-A,XGBoost,ROAD_ORNL,0.8759293815414229,0.09809179336134023,0.10483374229655741
FS-B,HistGB,CIDv2_OpelAstra,0.9797805389069588,0.6941629414679914,0.9382222313714592
FS-B,HistGB,CIDv2_Prototype,0.993650550446723,0.9328779697006798,0.9576081791168548
FS-B,HistGB,CIDv2_RenaultClio,0.9982976504544264,0.9095491622763365,0.9165776260142243
FS-B,HistGB,CTT_Forester,0.9999922629677344,0.9997100366936201,0.9997293991940377
FS-B,HistGB,CTT_Impala,0.9998915209867456,0.9977392186159569,0.9959255074476441
FS-B,HistGB,CTT_Silverado,0.999295791000436,0.9948989177834487,0.9949861124680849
FS-B,HistGB,CTT_Traverse,0.9999013212409968,0.9997814814734894,0.9998671659992807
FS-B,HistGB,ROAD_ORNL,0.7993976143549452,0.32446853611066434,0.3460252395236687
FS-B,LightGBM,CIDv2_OpelAstra,0.9943636133358514,0.7295817907063556,0.9315425404285973
FS-B,LightGBM,CIDv2_Prototype,0.9944455780518436,0.9627989772790452,0.9657517592647926
FS-B,LightGBM,CIDv2_RenaultClio,0.998322849775102,0.9152858618510864,0.9386581897385816
FS-B,LightGBM,CTT_Forester,0.9999933530441836,0.9996824058859687,0.999667818419817
FS-B,LightGBM,CTT_Impala,0.9998854437137968,0.9983857848667747,0.9927423335377312
FS-B,LightGBM,CTT_Silverado,0.9993202962004708,0.9957559931033031,0.9955188544287736
FS-B,LightGBM,CTT_Traverse,0.9998848295158922,0.9997608676591989,0.9998448000262644
FS-B,LightGBM,ROAD_ORNL,0.8162408468293569,0.3132721904441759,0.33800029193870185
FS-B,LogReg,CIDv2_OpelAstra,0.9956331707047976,0.7059772528825315,0.721252343471894
FS-B,LogReg,CIDv2_Prototype,0.9874324641631816,0.33773028657240434,0.7970558750959958
FS-B,LogReg,CIDv2_RenaultClio,0.9867123947808112,0.8093259979967221,0.7954411731617219
FS-B,LogReg,CTT_Forester,0.9996263036839796,0.9740910376372166,0.9712564630987539
FS-B,LogReg,CTT_Impala,0.9435627586829324,0.968221791340115,0.9532186565659876
FS-B,LogReg,CTT_Silverado,0.9992378815346123,0.9905279816846398,0.9903207231219664
FS-B,LogReg,CTT_Traverse,0.9992723727367704,0.9828625335406644,0.9832195339980899
FS-B,LogReg,ROAD_ORNL,0.6803018148363789,0.29122403853289913,0.30250675632323004
FS-B,RandomForest,CIDv2_OpelAstra,0.999634496176945,0.7482593654578803,0.8440200269828937
FS-B,RandomForest,CIDv2_Prototype,0.994840437994876,0.9529066107252917,0.960529225665829
FS-B,RandomForest,CIDv2_RenaultClio,0.9991821975727476,0.938235325844642,0.9193015625219652
FS-B,RandomForest,CTT_Forester,0.9999888558266096,0.9994346362398346,0.9995333411427765
FS-B,RandomForest,CTT_Impala,0.999835330407282,0.9997225702722735,0.9997813859035046
FS-B,RandomForest,CTT_Silverado,0.99887783181671,0.9968650766426524,0.9967066282146327
FS-B,RandomForest,CTT_Traverse,0.9998805877945328,0.9996010082157266,0.9996593768538489
FS-B,RandomForest,ROAD_ORNL,0.779313318583378,0.27718389861912696,0.27616075885792285
FS-B,Rule:Combined,CIDv2_OpelAstra,0.8076468752167493,0.8232721025141845,0.8232721025141846
FS-B,Rule:Combined,CIDv2_Prototype,0.8627286033121623,0.7619081777949198,0.7619081777949199
FS-B,Rule:Combined,CIDv2_RenaultClio,0.9436618914897482,0.9325714456574968,0.9325714456574967
FS-B,Rule:Combined,CTT_Forester,0.9711948682341736,0.9359990778622822,0.9359499879764025
FS-B,Rule:Combined,CTT_Impala,0.8026861860853725,0.9180130327143813,0.9987005971543302
FS-B,Rule:Combined,CTT_Silverado,0.9918324740786942,0.9469269052638496,0.9919205394196045
FS-B,Rule:Combined,CTT_Traverse,0.9995907683054596,0.8474757212031837,0.8477277383864601
FS-B,Rule:Combined,ROAD_ORNL,0.1077906819798135,0.26171214470690246,0.26168508741439844
FS-B,Rule:Staleness,CIDv2_OpelAstra,0.9723211177101092,0.9723211177101092,0.9723211177101091
FS-B,Rule:Staleness,CIDv2_Prototype,0.734338568488461,0.734338568488461,0.734338568488461
FS-B,Rule:Staleness,CIDv2_RenaultClio,0.973860062636,0.973860062636,0.9738600626360001
FS-B,Rule:Staleness,CTT_Forester,0.2142890339962554,0.2142890339962554,0.2142890339962554
FS-B,Rule:Staleness,CTT_Impala,0.1162843054298122,0.1162843054298122,0.11628430542981225
FS-B,Rule:Staleness,CTT_Silverado,0.1856556876952412,0.1856556876952412,0.1856556876952412
FS-B,Rule:Staleness,CTT_Traverse,0.1824448154213744,0.1824448154213744,0.18244481542137447
FS-B,Rule:Staleness,ROAD_ORNL,0.0969557529365572,0.09695575293655719,0.09695575293655724
FS-B,XGBoost,CIDv2_OpelAstra,0.9958964888369152,0.7199133896546609,0.9246719688614992
FS-B,XGBoost,CIDv2_Prototype,0.9933927802585424,0.9668063190868709,0.9594045108558733
FS-B,XGBoost,CIDv2_RenaultClio,0.997503822608488,0.8750396385184085,0.8915622207577094
FS-B,XGBoost,CTT_Forester,0.9999882351107562,0.9996632494616677,0.9996257170843914
FS-B,XGBoost,CTT_Impala,0.9997663402555202,0.9992735481759042,0.9983617359994583
FS-B,XGBoost,CTT_Silverado,0.9993621897689778,0.995214586307795,0.9949594873840378
FS-B,XGBoost,CTT_Traverse,0.999890748985388,0.999612936994882,0.9997298897841612
FS-B,XGBoost,ROAD_ORNL,0.8122262400703399,0.3015222292184951,0.3211519792576852
